deal_type,contract_ym,price,uuid,apartmenttype_uuid
deal,202108,253948,contract_0,apartmenttype_684
deal,202107,339340,contract_1,apartmenttype_689
deal,202110,325436,contract_2,apartmenttype_690
deal,202105,349602,contract_3,apartmenttype_691
deal,202203,387407,contract_4,apartmenttype_692
deal,202110,426445,contract_5,apartmenttype_695
deal,202107,403316,contract_6,apartmenttype_697
deal,202109,260925,contract_7,apartmenttype_701
deal,202106,469508,contract_8,apartmenttype_705
deal,201911,260000,contract_9,apartmenttype_577
deal,202106,270000,contract_10,apartmenttype_578
deal,202105,267000,contract_11,apartmenttype_579
deal,202108,379000,contract_12,apartmenttype_580
deal,202201,466000,contract_13,apartmenttype_581
deal,202204,431000,contract_14,apartmenttype_582
deal,202205,410000,contract_15,apartmenttype_583
deal,202108,375000,contract_16,apartmenttype_584
deal,202204,540000,contract_17,apartmenttype_585
deal,202109,500000,contract_18,apartmenttype_586
deal,202006,360000,contract_19,apartmenttype_587
deal,202107,488000,contract_20,apartmenttype_588
deal,202108,500000,contract_21,apartmenttype_589
deal,202204,640000,contract_22,apartmenttype_590
deal,202206,590000,contract_23,apartmenttype_591
deal,202201,510000,contract_24,apartmenttype_592
deal,202205,680000,contract_25,apartmenttype_593
deal,202012,540000,contract_26,apartmenttype_594
deal,202105,489000,contract_27,apartmenttype_595
deal,202107,582500,contract_28,apartmenttype_596
deal,202108,597000,contract_29,apartmenttype_598
deal,202105,163000,contract_30,apartmenttype_513
deal,202107,190000,contract_31,apartmenttype_514
deal,202110,158000,contract_32,apartmenttype_516
deal,202009,200000,contract_33,apartmenttype_517
deal,202105,225000,contract_34,apartmenttype_518
deal,202105,250000,contract_35,apartmenttype_540
deal,202008,225000,contract_36,apartmenttype_541
deal,202112,340000,contract_37,apartmenttype_542
deal,202101,289000,contract_38,apartmenttype_543
deal,202103,383000,contract_39,apartmenttype_544
deal,202204,475000,contract_40,apartmenttype_545
deal,202106,275000,contract_41,apartmenttype_546
deal,202204,252500,contract_42,apartmenttype_547
deal,202109,360000,contract_43,apartmenttype_549
deal,202205,380000,contract_44,apartmenttype_550
deal,202205,390000,contract_45,apartmenttype_551
deal,202102,414000,contract_46,apartmenttype_552
deal,202111,435000,contract_47,apartmenttype_553
deal,202206,559000,contract_48,apartmenttype_554
deal,202008,360000,contract_49,apartmenttype_555
deal,202201,600000,contract_50,apartmenttype_556
deal,202108,527000,contract_51,apartmenttype_557
deal,202204,715000,contract_52,apartmenttype_558
deal,202108,552000,contract_53,apartmenttype_559
deal,202008,428000,contract_54,apartmenttype_560
deal,202203,780000,contract_55,apartmenttype_561
deal,202107,253500,contract_56,apartmenttype_562
deal,202205,282000,contract_57,apartmenttype_563
deal,202205,390000,contract_58,apartmenttype_564
deal,202205,367000,contract_59,apartmenttype_565
deal,202204,360000,contract_60,apartmenttype_566
deal,202111,466000,contract_61,apartmenttype_567
deal,202201,455000,contract_62,apartmenttype_568
deal,202204,570000,contract_63,apartmenttype_569
deal,202112,520000,contract_64,apartmenttype_570
deal,202112,540000,contract_65,apartmenttype_571
deal,202104,484000,contract_66,apartmenttype_572
deal,202203,690000,contract_67,apartmenttype_573
deal,202203,750000,contract_68,apartmenttype_574
deal,202108,650000,contract_69,apartmenttype_575
deal,202111,728000,contract_70,apartmenttype_576
deal,202006,195500,contract_71,apartmenttype_604
deal,202007,255000,contract_72,apartmenttype_605
deal,202009,285000,contract_73,apartmenttype_606
deal,202205,245000,contract_74,apartmenttype_615
deal,202204,333000,contract_75,apartmenttype_616
deal,201910,223000,contract_76,apartmenttype_617
deal,202112,367000,contract_77,apartmenttype_618
deal,202205,380000,contract_78,apartmenttype_619
deal,202105,295000,contract_79,apartmenttype_679
deal,202110,179000,contract_80,apartmenttype_323
deal,202102,179000,contract_81,apartmenttype_324
deal,202103,47400,contract_82,apartmenttype_325
deal,202105,63500,contract_83,apartmenttype_327
deal,202107,65500,contract_84,apartmenttype_328
deal,202106,105000,contract_85,apartmenttype_329
deal,202107,130000,contract_86,apartmenttype_621
deal,202103,144000,contract_87,apartmenttype_622
deal,202006,155000,contract_88,apartmenttype_623
deal,202006,165000,contract_89,apartmenttype_332
deal,202110,250000,contract_90,apartmenttype_333
deal,202111,164281,contract_91,apartmenttype_330
deal,202204,298500,contract_92,apartmenttype_334
deal,202203,325000,contract_93,apartmenttype_336
deal,202106,293000,contract_94,apartmenttype_337
deal,202112,300000,contract_95,apartmenttype_338
deal,202104,232500,contract_96,apartmenttype_339
deal,202104,269000,contract_97,apartmenttype_340
deal,202108,270000,contract_98,apartmenttype_341
deal,202105,300000,contract_99,apartmenttype_342
deal,202105,143000,contract_100,apartmenttype_343
deal,202002,124000,contract_101,apartmenttype_344
deal,202104,179000,contract_102,apartmenttype_345
deal,202006,165000,contract_103,apartmenttype_346
deal,202108,201000,contract_104,apartmenttype_347
deal,201912,196000,contract_105,apartmenttype_348
deal,201907,165000,contract_106,apartmenttype_349
deal,202206,240000,contract_107,apartmenttype_350
deal,202006,165000,contract_108,apartmenttype_351
deal,202106,220000,contract_109,apartmenttype_352
deal,202206,222000,contract_110,apartmenttype_353
deal,202104,168500,contract_111,apartmenttype_354
deal,202112,240000,contract_112,apartmenttype_355
deal,202101,147000,contract_113,apartmenttype_356
deal,202107,210000,contract_114,apartmenttype_358
deal,202108,220000,contract_115,apartmenttype_359
deal,202006,148000,contract_116,apartmenttype_360
deal,202204,188600,contract_117,apartmenttype_361
deal,202204,255000,contract_118,apartmenttype_362
deal,202109,156000,contract_119,apartmenttype_363
deal,202204,280000,contract_120,apartmenttype_365
deal,202204,195000,contract_121,apartmenttype_239
deal,202109,250000,contract_122,apartmenttype_366
deal,202206,305000,contract_123,apartmenttype_367
deal,202109,200000,contract_124,apartmenttype_368
deal,202106,242000,contract_125,apartmenttype_369
deal,202109,235000,contract_126,apartmenttype_370
deal,202104,290000,contract_127,apartmenttype_373
deal,202101,296000,contract_128,apartmenttype_374
deal,202110,460000,contract_129,apartmenttype_375
deal,202110,281000,contract_130,apartmenttype_379
deal,202108,320000,contract_131,apartmenttype_382
deal,202007,325000,contract_132,apartmenttype_384
deal,202106,135000,contract_133,apartmenttype_240
deal,202203,145500,contract_134,apartmenttype_241
deal,202104,155000,contract_135,apartmenttype_388
deal,202012,182500,contract_136,apartmenttype_390
deal,202006,173300,contract_137,apartmenttype_386
deal,202102,240000,contract_138,apartmenttype_387
deal,202110,213000,contract_139,apartmenttype_391
deal,202107,197500,contract_140,apartmenttype_392
deal,202103,190000,contract_141,apartmenttype_393
deal,202103,193000,contract_142,apartmenttype_394
deal,202105,355000,contract_143,apartmenttype_395
deal,202101,330000,contract_144,apartmenttype_396
deal,202101,175000,contract_145,apartmenttype_397
deal,202103,182500,contract_146,apartmenttype_399
deal,202204,270000,contract_147,apartmenttype_624
deal,202003,148500,contract_148,apartmenttype_625
deal,202205,220000,contract_149,apartmenttype_626
deal,202101,256500,contract_150,apartmenttype_400
deal,202108,260000,contract_151,apartmenttype_401
deal,202006,191000,contract_152,apartmenttype_402
deal,202110,347000,contract_153,apartmenttype_404
deal,202012,210000,contract_154,apartmenttype_405
deal,202107,275000,contract_155,apartmenttype_406
deal,202204,260000,contract_156,apartmenttype_407
deal,201910,172000,contract_157,apartmenttype_408
deal,202111,280000,contract_158,apartmenttype_412
deal,202103,237000,contract_159,apartmenttype_413
deal,202006,156000,contract_160,apartmenttype_417
deal,202111,195000,contract_161,apartmenttype_418
deal,202104,225000,contract_162,apartmenttype_419
deal,202110,254500,contract_163,apartmenttype_420
deal,202006,164500,contract_164,apartmenttype_421
deal,202203,227500,contract_165,apartmenttype_422
deal,201911,163000,contract_166,apartmenttype_423
deal,202205,182500,contract_167,apartmenttype_627
deal,202101,175000,contract_168,apartmenttype_628
deal,201907,128000,contract_169,apartmenttype_629
deal,202205,243000,contract_170,apartmenttype_630
deal,202105,250000,contract_171,apartmenttype_631
deal,202105,257000,contract_172,apartmenttype_632
deal,202010,275000,contract_173,apartmenttype_634
deal,202107,233000,contract_174,apartmenttype_433
deal,202007,219800,contract_175,apartmenttype_424
deal,202105,310000,contract_176,apartmenttype_426
deal,202006,200000,contract_177,apartmenttype_427
deal,202108,288000,contract_178,apartmenttype_429
deal,202107,130000,contract_179,apartmenttype_242
deal,202204,138000,contract_180,apartmenttype_243
deal,202110,315000,contract_181,apartmenttype_434
deal,202101,238000,contract_182,apartmenttype_435
deal,202202,306500,contract_183,apartmenttype_436
deal,202101,267500,contract_184,apartmenttype_437
deal,202201,319000,contract_185,apartmenttype_439
deal,202107,277000,contract_186,apartmenttype_440
deal,202202,328000,contract_187,apartmenttype_441
deal,202203,327000,contract_188,apartmenttype_442
deal,202108,369000,contract_189,apartmenttype_443
deal,201909,308250,contract_190,apartmenttype_444
deal,202112,133000,contract_191,apartmenttype_635
deal,202108,165000,contract_192,apartmenttype_636
deal,202109,233000,contract_193,apartmenttype_637
deal,202110,240000,contract_194,apartmenttype_639
deal,201912,222500,contract_195,apartmenttype_640
deal,202006,147000,contract_196,apartmenttype_445
deal,202105,170000,contract_197,apartmenttype_446
deal,202106,176750,contract_198,apartmenttype_448
deal,202204,241000,contract_199,apartmenttype_452
deal,202206,80900,contract_200,apartmenttype_460
deal,202204,116500,contract_201,apartmenttype_461
deal,202205,115000,contract_202,apartmenttype_462
deal,202104,100000,contract_203,apartmenttype_463
deal,202104,99000,contract_204,apartmenttype_464
deal,202104,145000,contract_205,apartmenttype_466
deal,202205,212500,contract_206,apartmenttype_467
deal,202106,230000,contract_207,apartmenttype_468
deal,202107,265000,contract_208,apartmenttype_469
deal,202107,310500,contract_209,apartmenttype_470
deal,202102,267000,contract_210,apartmenttype_471
deal,202204,398000,contract_211,apartmenttype_472
deal,202107,398000,contract_212,apartmenttype_473
deal,202109,410000,contract_213,apartmenttype_474
deal,202104,392000,contract_214,apartmenttype_475
deal,202109,46850,contract_215,apartmenttype_234
deal,202005,47000,contract_216,apartmenttype_235
deal,202205,50350,contract_217,apartmenttype_236
deal,201912,86000,contract_218,apartmenttype_238
deal,202203,167000,contract_219,apartmenttype_229
deal,202112,180000,contract_220,apartmenttype_230
deal,202104,171000,contract_221,apartmenttype_231
deal,202204,225000,contract_222,apartmenttype_476
deal,202206,230000,contract_223,apartmenttype_477
deal,202206,277500,contract_224,apartmenttype_478
deal,202105,287000,contract_225,apartmenttype_298
deal,202107,286500,contract_226,apartmenttype_299
deal,202204,342500,contract_227,apartmenttype_300
deal,202101,304250,contract_228,apartmenttype_301
deal,202206,410000,contract_229,apartmenttype_302
deal,202102,319000,contract_230,apartmenttype_303
deal,202004,253000,contract_231,apartmenttype_304
deal,202010,300000,contract_232,apartmenttype_308
deal,202204,378000,contract_233,apartmenttype_309
deal,202206,438000,contract_234,apartmenttype_310
deal,202111,360000,contract_235,apartmenttype_311
deal,202011,290000,contract_236,apartmenttype_312
deal,202105,237000,contract_237,apartmenttype_313
deal,202108,255000,contract_238,apartmenttype_314
deal,202103,238800,contract_239,apartmenttype_315
deal,202108,345000,contract_240,apartmenttype_316
deal,202207,345750,contract_241,apartmenttype_317
deal,202205,343000,contract_242,apartmenttype_318
deal,202204,360000,contract_243,apartmenttype_319
deal,201910,285000,contract_244,apartmenttype_320
deal,202204,470000,contract_245,apartmenttype_321
deal,202201,157000,contract_246,apartmenttype_233
deal,202204,250000,contract_247,apartmenttype_480
deal,202106,270000,contract_248,apartmenttype_481
deal,202204,359000,contract_249,apartmenttype_482
deal,202204,420000,contract_250,apartmenttype_483
deal,202007,220000,contract_251,apartmenttype_484
deal,202205,262000,contract_252,apartmenttype_485
deal,202012,308000,contract_253,apartmenttype_486
deal,202201,340000,contract_254,apartmenttype_487
deal,202205,363000,contract_255,apartmenttype_488
deal,202109,420000,contract_256,apartmenttype_489
deal,202110,450000,contract_257,apartmenttype_491
deal,202109,450000,contract_258,apartmenttype_493
deal,202205,205000,contract_259,apartmenttype_65
deal,202007,168500,contract_260,apartmenttype_66
deal,202108,229000,contract_261,apartmenttype_67
deal,202101,211500,contract_262,apartmenttype_68
deal,202103,205000,contract_263,apartmenttype_69
deal,202106,234000,contract_264,apartmenttype_70
deal,202012,240000,contract_265,apartmenttype_71
deal,202204,285000,contract_266,apartmenttype_72
deal,202109,283000,contract_267,apartmenttype_73
deal,202205,205000,contract_268,apartmenttype_74
deal,202110,194000,contract_269,apartmenttype_75
deal,202101,194000,contract_270,apartmenttype_76
deal,202101,200000,contract_271,apartmenttype_77
deal,202110,137000,contract_272,apartmenttype_1245
deal,202012,128000,contract_273,apartmenttype_1246
deal,202104,161000,contract_274,apartmenttype_1247
deal,202109,203500,contract_275,apartmenttype_1248
deal,202006,148500,contract_276,apartmenttype_1249
deal,202010,165000,contract_277,apartmenttype_1250
deal,202105,180000,contract_278,apartmenttype_1251
deal,202104,144000,contract_279,apartmenttype_1265
deal,202003,122500,contract_280,apartmenttype_1266
deal,202012,128000,contract_281,apartmenttype_1267
deal,202008,150000,contract_282,apartmenttype_1268
deal,201907,128000,contract_283,apartmenttype_1269
deal,202007,148000,contract_284,apartmenttype_1270
deal,202111,155000,contract_285,apartmenttype_1272
deal,202104,148333,contract_286,apartmenttype_1273
deal,202011,148500,contract_287,apartmenttype_1275
deal,202102,159000,contract_288,apartmenttype_245
deal,202206,170000,contract_289,apartmenttype_246
deal,202205,194000,contract_290,apartmenttype_247
deal,202008,120000,contract_291,apartmenttype_248
deal,202107,168800,contract_292,apartmenttype_251
deal,202106,174500,contract_293,apartmenttype_252
deal,202203,172000,contract_294,apartmenttype_253
deal,202109,199000,contract_295,apartmenttype_254
deal,202111,180000,contract_296,apartmenttype_255
deal,201911,128000,contract_297,apartmenttype_256
deal,202109,174500,contract_298,apartmenttype_257
deal,202107,240000,contract_299,apartmenttype_78
deal,202106,298500,contract_300,apartmenttype_79
deal,202103,280000,contract_301,apartmenttype_80
deal,202106,290000,contract_302,apartmenttype_81
deal,202109,146000,contract_303,apartmenttype_259
deal,202007,132000,contract_304,apartmenttype_260
deal,202101,134000,contract_305,apartmenttype_261
deal,202102,155000,contract_306,apartmenttype_262
deal,202112,184000,contract_307,apartmenttype_263
deal,202106,181000,contract_308,apartmenttype_264
deal,202007,154000,contract_309,apartmenttype_82
deal,202107,230000,contract_310,apartmenttype_83
deal,202201,250000,contract_311,apartmenttype_85
deal,202102,179000,contract_312,apartmenttype_265
deal,202010,163000,contract_313,apartmenttype_266
deal,202101,170000,contract_314,apartmenttype_267
deal,202107,200000,contract_315,apartmenttype_268
deal,202012,189000,contract_316,apartmenttype_269
deal,202108,226000,contract_317,apartmenttype_270
deal,202109,240000,contract_318,apartmenttype_271
deal,202110,185000,contract_319,apartmenttype_86
deal,202105,172000,contract_320,apartmenttype_87
deal,202012,179000,contract_321,apartmenttype_90
deal,202005,149500,contract_322,apartmenttype_91
deal,202104,177500,contract_323,apartmenttype_94
deal,202106,210000,contract_324,apartmenttype_95
deal,202104,190000,contract_325,apartmenttype_96
deal,202201,225000,contract_326,apartmenttype_101
deal,202110,230000,contract_327,apartmenttype_103
deal,202203,220000,contract_328,apartmenttype_104
deal,202105,232500,contract_329,apartmenttype_105
deal,202006,125000,contract_330,apartmenttype_108
deal,202206,185000,contract_331,apartmenttype_109
deal,202102,140000,contract_332,apartmenttype_110
deal,202110,230000,contract_333,apartmenttype_112
deal,202012,125500,contract_334,apartmenttype_277
deal,202102,135000,contract_335,apartmenttype_278
deal,202108,143000,contract_336,apartmenttype_279
deal,202007,130000,contract_337,apartmenttype_280
deal,202106,155000,contract_338,apartmenttype_281
deal,202111,150000,contract_339,apartmenttype_282
deal,201907,101000,contract_340,apartmenttype_283
deal,202201,173000,contract_341,apartmenttype_284
deal,202206,165000,contract_342,apartmenttype_285
deal,202105,160000,contract_343,apartmenttype_286
deal,202104,153000,contract_344,apartmenttype_287
deal,202204,212500,contract_345,apartmenttype_120
deal,202012,155000,contract_346,apartmenttype_121
deal,202102,210000,contract_347,apartmenttype_122
deal,202105,209000,contract_348,apartmenttype_123
deal,202105,91866,contract_349,apartmenttype_292
deal,202106,71000,contract_350,apartmenttype_293
deal,202206,114700,contract_351,apartmenttype_295
deal,202205,114700,contract_352,apartmenttype_297
deal,202205,380000,contract_353,apartmenttype_124
deal,202006,272500,contract_354,apartmenttype_125
deal,202007,280000,contract_355,apartmenttype_126
deal,202007,337000,contract_356,apartmenttype_127
deal,202006,33000,contract_357,apartmenttype_129
deal,202112,44500,contract_358,apartmenttype_130
deal,202204,47500,contract_359,apartmenttype_132
deal,202105,54500,contract_360,apartmenttype_134
deal,201907,54300,contract_361,apartmenttype_136
deal,202103,70000,contract_362,apartmenttype_137
deal,202009,85000,contract_363,apartmenttype_138
deal,202206,355000,contract_364,apartmenttype_140
deal,202112,335000,contract_365,apartmenttype_142
deal,202110,75500,contract_366,apartmenttype_144
deal,202204,88800,contract_367,apartmenttype_146
deal,202101,75500,contract_368,apartmenttype_148
deal,202110,89800,contract_369,apartmenttype_149
deal,202205,89000,contract_370,apartmenttype_150
deal,202204,130000,contract_371,apartmenttype_151
deal,202207,27000,contract_372,apartmenttype_153
deal,202205,29700,contract_373,apartmenttype_154
deal,202206,42750,contract_374,apartmenttype_155
deal,202111,39500,contract_375,apartmenttype_156
deal,202111,258000,contract_376,apartmenttype_157
deal,202103,249000,contract_377,apartmenttype_158
deal,202205,278000,contract_378,apartmenttype_159
deal,202105,220000,contract_379,apartmenttype_160
deal,202011,199000,contract_380,apartmenttype_161
deal,202006,149000,contract_381,apartmenttype_163
deal,202006,173300,contract_382,apartmenttype_164
deal,202103,189800,contract_383,apartmenttype_165
deal,202109,203000,contract_384,apartmenttype_169
deal,202103,178000,contract_385,apartmenttype_170
deal,202112,256500,contract_386,apartmenttype_171
deal,202105,282000,contract_387,apartmenttype_173
deal,202107,295000,contract_388,apartmenttype_175
deal,202107,320000,contract_389,apartmenttype_176
deal,202006,70700,contract_390,apartmenttype_178
deal,202006,77000,contract_391,apartmenttype_182
deal,202007,79000,contract_392,apartmenttype_183
deal,202106,100000,contract_393,apartmenttype_184
deal,202010,80000,contract_394,apartmenttype_185
deal,201911,72000,contract_395,apartmenttype_186
deal,202012,88000,contract_396,apartmenttype_188
deal,202010,110000,contract_397,apartmenttype_191
deal,202101,103500,contract_398,apartmenttype_192
deal,202012,150000,contract_399,apartmenttype_195
deal,202110,200000,contract_400,apartmenttype_196
deal,202110,245000,contract_401,apartmenttype_203
deal,202104,210000,contract_402,apartmenttype_206
deal,202007,190000,contract_403,apartmenttype_209
deal,202012,245000,contract_404,apartmenttype_210
deal,202104,265000,contract_405,apartmenttype_211
deal,202105,290000,contract_406,apartmenttype_214
deal,202105,265000,contract_407,apartmenttype_217
deal,202011,122300,contract_408,apartmenttype_1
deal,202107,228000,contract_409,apartmenttype_8
deal,202112,234000,contract_410,apartmenttype_9
deal,202105,213000,contract_411,apartmenttype_10
deal,202205,250000,contract_412,apartmenttype_11
deal,202011,210000,contract_413,apartmenttype_13
deal,202012,240000,contract_414,apartmenttype_15
deal,202106,190000,contract_415,apartmenttype_24
deal,202112,248000,contract_416,apartmenttype_25
deal,202205,197000,contract_417,apartmenttype_26
deal,202102,180000,contract_418,apartmenttype_28
deal,202007,157000,contract_419,apartmenttype_29
deal,202107,190000,contract_420,apartmenttype_30
deal,202206,282000,contract_421,apartmenttype_31
deal,202203,130000,contract_422,apartmenttype_32
deal,202010,142700,contract_423,apartmenttype_33
deal,202006,146750,contract_424,apartmenttype_35
deal,202008,153000,contract_425,apartmenttype_36
deal,202204,198000,contract_426,apartmenttype_37
deal,202205,210000,contract_427,apartmenttype_721
deal,202104,240000,contract_428,apartmenttype_722
deal,202012,223000,contract_429,apartmenttype_724
deal,202104,221000,contract_430,apartmenttype_725
deal,202203,267000,contract_431,apartmenttype_726
deal,202108,220000,contract_432,apartmenttype_727
deal,202101,215000,contract_433,apartmenttype_728
deal,202007,230000,contract_434,apartmenttype_730
deal,202004,198000,contract_435,apartmenttype_731
deal,202101,259000,contract_436,apartmenttype_732
deal,202109,288000,contract_437,apartmenttype_733
deal,202202,315000,contract_438,apartmenttype_734
deal,201907,199000,contract_439,apartmenttype_735
deal,202011,268000,contract_440,apartmenttype_736
deal,201907,230000,contract_441,apartmenttype_737
deal,202201,307010,contract_442,apartmenttype_738
deal,202205,365000,contract_443,apartmenttype_740
deal,202102,315000,contract_444,apartmenttype_741
deal,202204,242500,contract_445,apartmenttype_742
deal,202205,249000,contract_446,apartmenttype_743
deal,202204,321000,contract_447,apartmenttype_744
deal,202202,325000,contract_448,apartmenttype_745
deal,202111,270000,contract_449,apartmenttype_746
deal,202111,325000,contract_450,apartmenttype_747
deal,202008,255000,contract_451,apartmenttype_748
deal,202105,275000,contract_452,apartmenttype_749
deal,202005,138500,contract_453,apartmenttype_750
deal,202204,125000,contract_454,apartmenttype_751
deal,202012,180000,contract_455,apartmenttype_752
deal,202105,158000,contract_456,apartmenttype_754
deal,202112,230000,contract_457,apartmenttype_755
deal,202012,155500,contract_458,apartmenttype_756
deal,202010,158000,contract_459,apartmenttype_758
deal,202102,33000,contract_460,apartmenttype_763
deal,202110,74000,contract_461,apartmenttype_764
deal,202204,75000,contract_462,apartmenttype_765
deal,201910,47800,contract_463,apartmenttype_766
deal,202106,85000,contract_464,apartmenttype_767
deal,202001,65500,contract_465,apartmenttype_768
deal,202206,348000,contract_466,apartmenttype_772
deal,202012,266000,contract_467,apartmenttype_775
deal,201912,266000,contract_468,apartmenttype_776
deal,202005,262500,contract_469,apartmenttype_777
deal,202105,350000,contract_470,apartmenttype_781
deal,202110,390000,contract_471,apartmenttype_782
deal,201910,320000,contract_472,apartmenttype_783
deal,202011,380000,contract_473,apartmenttype_784
deal,201912,370000,contract_474,apartmenttype_790
deal,202003,370000,contract_475,apartmenttype_792
deal,202201,162000,contract_476,apartmenttype_795
deal,202102,179000,contract_477,apartmenttype_796
deal,202109,197000,contract_478,apartmenttype_797
deal,202008,220000,contract_479,apartmenttype_798
deal,202204,34000,contract_480,apartmenttype_799
deal,202205,30000,contract_481,apartmenttype_800
deal,202110,74000,contract_482,apartmenttype_803
deal,202012,62000,contract_483,apartmenttype_805
deal,202205,95000,contract_484,apartmenttype_807
deal,202110,294000,contract_485,apartmenttype_809
deal,202007,230000,contract_486,apartmenttype_810
deal,202109,299000,contract_487,apartmenttype_811
deal,202108,210000,contract_488,apartmenttype_817
deal,202110,245000,contract_489,apartmenttype_818
deal,202110,250000,contract_490,apartmenttype_819
deal,202205,295000,contract_491,apartmenttype_820
deal,202105,291000,contract_492,apartmenttype_824
deal,202203,368000,contract_493,apartmenttype_826
deal,202105,297000,contract_494,apartmenttype_1213
deal,202110,450000,contract_495,apartmenttype_1222
deal,202204,20000,contract_496,apartmenttype_834
deal,202205,19900,contract_497,apartmenttype_835
deal,202204,20000,contract_498,apartmenttype_836
deal,202201,19500,contract_499,apartmenttype_837
deal,202111,20250,contract_500,apartmenttype_838
deal,202206,26000,contract_501,apartmenttype_839
deal,202103,23000,contract_502,apartmenttype_840
deal,202203,25000,contract_503,apartmenttype_841
deal,202202,25000,contract_504,apartmenttype_842
deal,202010,83000,contract_505,apartmenttype_829
deal,202104,95000,contract_506,apartmenttype_830
deal,202005,95500,contract_507,apartmenttype_831
deal,202112,160000,contract_508,apartmenttype_832
deal,202106,126800,contract_509,apartmenttype_833
deal,201908,100000,contract_510,apartmenttype_843
deal,202007,130000,contract_511,apartmenttype_845
deal,201908,111500,contract_512,apartmenttype_846
deal,202008,135000,contract_513,apartmenttype_848
deal,202201,28500,contract_514,apartmenttype_849
deal,202204,30700,contract_515,apartmenttype_850
deal,202207,30000,contract_516,apartmenttype_851
deal,202206,37300,contract_517,apartmenttype_852
deal,202203,55000,contract_518,apartmenttype_853
deal,201908,193000,contract_519,apartmenttype_530
deal,202101,280000,contract_520,apartmenttype_532
deal,202108,294000,contract_521,apartmenttype_533
deal,202205,397000,contract_522,apartmenttype_534
deal,202008,320000,contract_523,apartmenttype_535
deal,202007,310000,contract_524,apartmenttype_536
deal,202112,490000,contract_525,apartmenttype_537
deal,202103,396000,contract_526,apartmenttype_538
deal,202102,425000,contract_527,apartmenttype_539
deal,202101,216000,contract_528,apartmenttype_607
deal,202204,220000,contract_529,apartmenttype_608
deal,202103,279500,contract_530,apartmenttype_609
deal,202110,319000,contract_531,apartmenttype_610
deal,202204,310000,contract_532,apartmenttype_611
deal,202108,370000,contract_533,apartmenttype_612
deal,202105,296000,contract_534,apartmenttype_613
deal,202003,300000,contract_535,apartmenttype_614
deal,202110,180000,contract_536,apartmenttype_38
deal,202206,222000,contract_537,apartmenttype_39
deal,202106,240000,contract_538,apartmenttype_40
deal,202105,247300,contract_539,apartmenttype_42
deal,202002,103500,contract_540,apartmenttype_854
deal,202108,160000,contract_541,apartmenttype_855
deal,201910,130000,contract_542,apartmenttype_856
deal,201910,130000,contract_543,apartmenttype_857
deal,202002,139900,contract_544,apartmenttype_858
deal,202110,182000,contract_545,apartmenttype_860
deal,202101,159000,contract_546,apartmenttype_862
deal,202008,160000,contract_547,apartmenttype_864
deal,202108,227000,contract_548,apartmenttype_865
deal,202012,180000,contract_549,apartmenttype_868
deal,201912,158000,contract_550,apartmenttype_870
deal,202009,170000,contract_551,apartmenttype_872
deal,202109,235000,contract_552,apartmenttype_873
deal,202010,175000,contract_553,apartmenttype_875
deal,202108,167000,contract_554,apartmenttype_879
deal,202203,205000,contract_555,apartmenttype_881
deal,202204,204500,contract_556,apartmenttype_882
deal,202007,139500,contract_557,apartmenttype_883
deal,201907,127000,contract_558,apartmenttype_884
deal,202006,117500,contract_559,apartmenttype_885
deal,202106,180000,contract_560,apartmenttype_886
deal,202005,134000,contract_561,apartmenttype_887
deal,201907,134700,contract_562,apartmenttype_892
deal,202006,159000,contract_563,apartmenttype_894
deal,202012,172500,contract_564,apartmenttype_896
deal,202204,229000,contract_565,apartmenttype_901
deal,202105,131000,contract_566,apartmenttype_902
deal,202012,177000,contract_567,apartmenttype_904
deal,202204,24500,contract_568,apartmenttype_906
deal,202203,28000,contract_569,apartmenttype_907
deal,202105,31800,contract_570,apartmenttype_908
deal,202104,38700,contract_571,apartmenttype_910
deal,202107,39000,contract_572,apartmenttype_911
deal,201908,157000,contract_573,apartmenttype_916
deal,202004,155000,contract_574,apartmenttype_917
deal,202009,194000,contract_575,apartmenttype_920
deal,202110,270000,contract_576,apartmenttype_921
deal,202007,150000,contract_577,apartmenttype_923
deal,202001,180000,contract_578,apartmenttype_924
deal,202007,160000,contract_579,apartmenttype_926
deal,202012,189500,contract_580,apartmenttype_927
deal,202010,186750,contract_581,apartmenttype_928
deal,202204,280000,contract_582,apartmenttype_929
deal,202005,34800,contract_583,apartmenttype_953
deal,202110,32800,contract_584,apartmenttype_954
deal,202011,32850,contract_585,apartmenttype_955
deal,202204,40800,contract_586,apartmenttype_956
deal,202109,42000,contract_587,apartmenttype_958
deal,202205,42200,contract_588,apartmenttype_959
deal,202204,49000,contract_589,apartmenttype_960
deal,202205,49800,contract_590,apartmenttype_961
deal,202108,71000,contract_591,apartmenttype_963
deal,202108,47000,contract_592,apartmenttype_964
deal,202204,53000,contract_593,apartmenttype_965
deal,202104,61500,contract_594,apartmenttype_966
deal,202105,58500,contract_595,apartmenttype_967
deal,202104,62500,contract_596,apartmenttype_968
deal,201911,60000,contract_597,apartmenttype_970
deal,202011,60000,contract_598,apartmenttype_971
deal,202001,55500,contract_599,apartmenttype_972
deal,202103,71900,contract_600,apartmenttype_973
deal,201912,60000,contract_601,apartmenttype_975
deal,202109,80000,contract_602,apartmenttype_933
deal,202109,105000,contract_603,apartmenttype_935
deal,202102,90000,contract_604,apartmenttype_936
deal,202008,78800,contract_605,apartmenttype_937
deal,202110,135000,contract_606,apartmenttype_939
deal,202201,53000,contract_607,apartmenttype_940
deal,202109,69900,contract_608,apartmenttype_941
deal,202104,164000,contract_609,apartmenttype_942
deal,202101,215000,contract_610,apartmenttype_944
deal,202006,160000,contract_611,apartmenttype_945
deal,202101,220000,contract_612,apartmenttype_947
deal,202010,164000,contract_613,apartmenttype_948
deal,202009,230000,contract_614,apartmenttype_949
deal,202009,300000,contract_615,apartmenttype_952
deal,202207,270000,contract_616,apartmenttype_976
deal,202205,270000,contract_617,apartmenttype_977
deal,202205,211000,contract_618,apartmenttype_978
deal,202204,299000,contract_619,apartmenttype_979
deal,202109,275000,contract_620,apartmenttype_980
deal,202103,267000,contract_621,apartmenttype_981
deal,202202,325000,contract_622,apartmenttype_982
deal,201907,224000,contract_623,apartmenttype_983
deal,202104,371000,contract_624,apartmenttype_984
deal,201912,300000,contract_625,apartmenttype_985
deal,202109,182000,contract_626,apartmenttype_986
deal,202007,145000,contract_627,apartmenttype_987
deal,202109,189000,contract_628,apartmenttype_988
deal,201908,118000,contract_629,apartmenttype_989
deal,202204,190500,contract_630,apartmenttype_990
deal,202107,213500,contract_631,apartmenttype_991
deal,202108,209000,contract_632,apartmenttype_992
deal,202106,170250,contract_633,apartmenttype_993
deal,202205,200000,contract_634,apartmenttype_994
deal,202204,149990,contract_635,apartmenttype_995
deal,202006,164000,contract_636,apartmenttype_996
deal,202205,210000,contract_637,apartmenttype_997
deal,202007,157000,contract_638,apartmenttype_998
deal,202006,148000,contract_639,apartmenttype_999
deal,202204,217000,contract_640,apartmenttype_1002
deal,202112,52000,contract_641,apartmenttype_1005
deal,202108,57200,contract_642,apartmenttype_1006
deal,202109,153500,contract_643,apartmenttype_1007
deal,202007,147000,contract_644,apartmenttype_1008
deal,202110,185000,contract_645,apartmenttype_1009
deal,202105,175000,contract_646,apartmenttype_1200
deal,202110,182000,contract_647,apartmenttype_1201
deal,202110,248000,contract_648,apartmenttype_1010
deal,202204,270000,contract_649,apartmenttype_1011
deal,202111,205000,contract_650,apartmenttype_1012
deal,202205,32250,contract_651,apartmenttype_1013
deal,202205,40500,contract_652,apartmenttype_1014
deal,202206,43000,contract_653,apartmenttype_1015
deal,202001,47300,contract_654,apartmenttype_1016
deal,202103,57500,contract_655,apartmenttype_1017
deal,202007,149900,contract_656,apartmenttype_1020
deal,202204,200000,contract_657,apartmenttype_1025
deal,201911,147500,contract_658,apartmenttype_1038
deal,202109,210000,contract_659,apartmenttype_1039
deal,202109,240000,contract_660,apartmenttype_1040
deal,202106,238500,contract_661,apartmenttype_1041
deal,202108,163000,contract_662,apartmenttype_1042
deal,202111,195000,contract_663,apartmenttype_1043
deal,202012,113750,contract_664,apartmenttype_1044
deal,202012,112500,contract_665,apartmenttype_1045
deal,202203,138000,contract_666,apartmenttype_1046
deal,202102,180000,contract_667,apartmenttype_1048
deal,202009,164000,contract_668,apartmenttype_1049
deal,202007,145000,contract_669,apartmenttype_1050
deal,202105,185000,contract_670,apartmenttype_1052
deal,202101,36500,contract_671,apartmenttype_1054
deal,202108,26000,contract_672,apartmenttype_1055
deal,202011,35000,contract_673,apartmenttype_1057
deal,202206,37500,contract_674,apartmenttype_1058
deal,202103,41000,contract_675,apartmenttype_1060
deal,202012,39500,contract_676,apartmenttype_1062
deal,202005,36500,contract_677,apartmenttype_1063
deal,202104,40900,contract_678,apartmenttype_1064
deal,202101,41000,contract_679,apartmenttype_1066
deal,202204,52000,contract_680,apartmenttype_1068
deal,202206,60000,contract_681,apartmenttype_1069
deal,202104,48000,contract_682,apartmenttype_1070
deal,202201,57000,contract_683,apartmenttype_1071
deal,202108,52000,contract_684,apartmenttype_1072
deal,202203,61000,contract_685,apartmenttype_1073
deal,202202,60000,contract_686,apartmenttype_1074
deal,202007,72000,contract_687,apartmenttype_1078
deal,202012,85000,contract_688,apartmenttype_1082
deal,202110,24700,contract_689,apartmenttype_1087
deal,202101,32000,contract_690,apartmenttype_1091
deal,202204,32000,contract_691,apartmenttype_1093
deal,202203,30000,contract_692,apartmenttype_1094
deal,202206,33000,contract_693,apartmenttype_1095
deal,202011,47800,contract_694,apartmenttype_1097
deal,202001,45750,contract_695,apartmenttype_1098
deal,202011,48000,contract_696,apartmenttype_1099
deal,202107,54000,contract_697,apartmenttype_1101
deal,202002,59000,contract_698,apartmenttype_1102
deal,202105,225000,contract_699,apartmenttype_1103
deal,202008,130000,contract_700,apartmenttype_1104
deal,202007,244000,contract_701,apartmenttype_1105
deal,202205,250000,contract_702,apartmenttype_1106
deal,202206,252000,contract_703,apartmenttype_1107
deal,202102,230000,contract_704,apartmenttype_1108
deal,202204,279750,contract_705,apartmenttype_1109
deal,201907,174975,contract_706,apartmenttype_1110
deal,202105,264500,contract_707,apartmenttype_1111
deal,202109,300000,contract_708,apartmenttype_1112
deal,202011,115000,contract_709,apartmenttype_1113
deal,202006,130000,contract_710,apartmenttype_1115
deal,201909,148000,contract_711,apartmenttype_1119
deal,202012,183000,contract_712,apartmenttype_1120
deal,201908,138000,contract_713,apartmenttype_1122
deal,201908,158000,contract_714,apartmenttype_1125
deal,202205,236000,contract_715,apartmenttype_1126
deal,202205,370000,contract_716,apartmenttype_1127
deal,202106,317500,contract_717,apartmenttype_1128
deal,202206,425000,contract_718,apartmenttype_1129
deal,202104,340000,contract_719,apartmenttype_1130
deal,202205,426000,contract_720,apartmenttype_1131
deal,202105,130000,contract_721,apartmenttype_1132
deal,201912,159000,contract_722,apartmenttype_1133
deal,202204,250000,contract_723,apartmenttype_1134
deal,202109,233000,contract_724,apartmenttype_1135
deal,202101,248000,contract_725,apartmenttype_1136
deal,202105,240000,contract_726,apartmenttype_1137
deal,202204,260000,contract_727,apartmenttype_1138
deal,202107,275000,contract_728,apartmenttype_1139
deal,202106,279000,contract_729,apartmenttype_1140
deal,202112,295000,contract_730,apartmenttype_1141
deal,202006,206000,contract_731,apartmenttype_1142
deal,202004,200000,contract_732,apartmenttype_1143
deal,202102,219500,contract_733,apartmenttype_1144
deal,202106,300000,contract_734,apartmenttype_1145
deal,202112,310000,contract_735,apartmenttype_1147
deal,202008,220000,contract_736,apartmenttype_1148
deal,202101,331000,contract_737,apartmenttype_1149
deal,202203,380000,contract_738,apartmenttype_1150
deal,202105,350000,contract_739,apartmenttype_1152
deal,202005,307500,contract_740,apartmenttype_1154
deal,202105,195000,contract_741,apartmenttype_1155
deal,202204,160000,contract_742,apartmenttype_1156
deal,202012,196750,contract_743,apartmenttype_1158
deal,202205,235000,contract_744,apartmenttype_1160
deal,202011,253500,contract_745,apartmenttype_1161
deal,201912,262000,contract_746,apartmenttype_1162
deal,201910,230000,contract_747,apartmenttype_1163
deal,202007,268000,contract_748,apartmenttype_1164
deal,202112,218000,contract_749,apartmenttype_1169
deal,202106,196000,contract_750,apartmenttype_1170
deal,202201,290000,contract_751,apartmenttype_1171
deal,202109,281000,contract_752,apartmenttype_1172
deal,202111,255000,contract_753,apartmenttype_1173
deal,202107,310000,contract_754,apartmenttype_1174
deal,201908,240000,contract_755,apartmenttype_1175
deal,201910,300000,contract_756,apartmenttype_1177
deal,202108,270000,contract_757,apartmenttype_1187
deal,202204,310000,contract_758,apartmenttype_1189
deal,202205,312000,contract_759,apartmenttype_1190
deal,202108,350000,contract_760,apartmenttype_1192
deal,202206,405000,contract_761,apartmenttype_1193
deal,202011,150000,contract_762,apartmenttype_43
deal,202109,212000,contract_763,apartmenttype_44
deal,202105,235000,contract_764,apartmenttype_45
deal,202108,250000,contract_765,apartmenttype_46
deal,202006,153000,contract_766,apartmenttype_47
deal,202012,200000,contract_767,apartmenttype_48
deal,202012,198000,contract_768,apartmenttype_49
deal,201908,132000,contract_769,apartmenttype_50
deal,202104,203000,contract_770,apartmenttype_51
deal,202009,148750,contract_771,apartmenttype_52
deal,202104,156500,contract_772,apartmenttype_53
deal,202011,162000,contract_773,apartmenttype_54
deal,202204,180000,contract_774,apartmenttype_55
deal,202106,152500,contract_775,apartmenttype_56
deal,202112,169000,contract_776,apartmenttype_57
deal,202206,192000,contract_777,apartmenttype_58
deal,202205,310000,contract_778,apartmenttype_59
deal,201911,210000,contract_779,apartmenttype_60
deal,202104,180000,contract_780,apartmenttype_61
deal,202006,159000,contract_781,apartmenttype_62
deal,202107,230000,contract_782,apartmenttype_63
deal,201908,180000,contract_783,apartmenttype_64
deal,202103,172000,contract_784,apartmenttype_198
deal,202204,170000,contract_785,apartmenttype_199
deal,202107,240000,contract_786,apartmenttype_200
deal,202107,227500,contract_787,apartmenttype_201
deal,202201,283000,contract_788,apartmenttype_202
lease,202201,72298,contract_789,apartmenttype_577
lease,202207,102267,contract_790,apartmenttype_578
lease,202206,138250,contract_791,apartmenttype_579
lease,202205,230000,contract_792,apartmenttype_581
lease,202204,230000,contract_793,apartmenttype_582
lease,202206,215000,contract_794,apartmenttype_583
lease,202204,157500,contract_795,apartmenttype_584
lease,202202,350000,contract_796,apartmenttype_585
lease,202112,173250,contract_797,apartmenttype_586
lease,202012,240000,contract_798,apartmenttype_587
lease,202111,210000,contract_799,apartmenttype_588
lease,202105,189000,contract_800,apartmenttype_589
lease,202109,252000,contract_801,apartmenttype_590
lease,202101,243600,contract_802,apartmenttype_592
lease,202206,298375,contract_803,apartmenttype_593
lease,202012,260000,contract_804,apartmenttype_594
lease,202207,283500,contract_805,apartmenttype_595
lease,202112,450000,contract_806,apartmenttype_596
lease,202101,288750,contract_807,apartmenttype_597
lease,202005,400000,contract_808,apartmenttype_599
lease,202107,83000,contract_809,apartmenttype_513
lease,202101,83000,contract_810,apartmenttype_514
lease,202206,95000,contract_811,apartmenttype_515
lease,202206,83000,contract_812,apartmenttype_516
lease,202205,110000,contract_813,apartmenttype_517
lease,202207,106000,contract_814,apartmenttype_518
lease,202204,111300,contract_815,apartmenttype_540
lease,202206,158000,contract_816,apartmenttype_541
lease,202206,150100,contract_817,apartmenttype_542
lease,202111,141750,contract_818,apartmenttype_543
lease,202202,230000,contract_819,apartmenttype_544
lease,202206,330000,contract_820,apartmenttype_545
lease,202207,122325,contract_821,apartmenttype_546
lease,202205,127821,contract_822,apartmenttype_547
lease,202110,31952,contract_823,apartmenttype_548
lease,202112,59240,contract_824,apartmenttype_549
lease,202206,168000,contract_825,apartmenttype_550
lease,202207,111888,contract_826,apartmenttype_551
lease,202105,250000,contract_827,apartmenttype_552
lease,202107,199500,contract_828,apartmenttype_553
lease,202206,325000,contract_829,apartmenttype_554
lease,202110,220500,contract_830,apartmenttype_555
lease,202207,380000,contract_831,apartmenttype_556
lease,202105,241500,contract_832,apartmenttype_557
lease,202207,330000,contract_833,apartmenttype_558
lease,202202,294000,contract_834,apartmenttype_559
lease,202202,320250,contract_835,apartmenttype_560
lease,202205,430000,contract_836,apartmenttype_561
lease,202205,100325,contract_837,apartmenttype_562
lease,202207,91104,contract_838,apartmenttype_563
lease,202207,168000,contract_839,apartmenttype_564
lease,202206,180000,contract_840,apartmenttype_565
lease,202206,160000,contract_841,apartmenttype_566
lease,202112,195300,contract_842,apartmenttype_567
lease,202204,280000,contract_843,apartmenttype_568
lease,202207,231000,contract_844,apartmenttype_569
lease,202202,231000,contract_845,apartmenttype_570
lease,202201,240000,contract_846,apartmenttype_571
lease,202207,252000,contract_847,apartmenttype_572
lease,202205,390000,contract_848,apartmenttype_573
lease,202207,550000,contract_849,apartmenttype_574
lease,202111,480000,contract_850,apartmenttype_575
lease,202203,500000,contract_851,apartmenttype_576
lease,202111,78750,contract_852,apartmenttype_604
lease,202207,89000,contract_853,apartmenttype_605
lease,202206,124500,contract_854,apartmenttype_606
lease,202205,85612,contract_855,apartmenttype_615
lease,202207,185000,contract_856,apartmenttype_616
lease,202101,136250,contract_857,apartmenttype_617
lease,202207,210000,contract_858,apartmenttype_618
lease,202101,220000,contract_859,apartmenttype_619
lease,202204,110000,contract_860,apartmenttype_323
lease,202205,130000,contract_861,apartmenttype_324
lease,202110,26000,contract_862,apartmenttype_325
lease,202202,31500,contract_863,apartmenttype_327
lease,202206,30870,contract_864,apartmenttype_328
lease,202206,47200,contract_865,apartmenttype_329
lease,202205,70000,contract_866,apartmenttype_621
lease,202106,90000,contract_867,apartmenttype_622
lease,202110,80000,contract_868,apartmenttype_623
lease,202109,70000,contract_869,apartmenttype_332
lease,202207,81183,contract_870,apartmenttype_333
lease,202104,18000,contract_871,apartmenttype_330
lease,201911,50000,contract_872,apartmenttype_331
lease,202205,112000,contract_873,apartmenttype_334
lease,202112,165000,contract_874,apartmenttype_335
lease,202205,190000,contract_875,apartmenttype_336
lease,202011,114000,contract_876,apartmenttype_337
lease,202207,140000,contract_877,apartmenttype_338
lease,202112,115500,contract_878,apartmenttype_339
lease,202206,136500,contract_879,apartmenttype_340
lease,202203,170000,contract_880,apartmenttype_341
lease,202204,157500,contract_881,apartmenttype_342
lease,202207,40950,contract_882,apartmenttype_343
lease,202012,30975,contract_883,apartmenttype_344
lease,202206,59850,contract_884,apartmenttype_345
lease,202206,43000,contract_885,apartmenttype_346
lease,202207,78750,contract_886,apartmenttype_347
lease,202207,81900,contract_887,apartmenttype_349
lease,202201,68775,contract_888,apartmenttype_350
lease,202202,88000,contract_889,apartmenttype_351
lease,202206,89250,contract_890,apartmenttype_352
lease,202207,78750,contract_891,apartmenttype_353
lease,202207,60900,contract_892,apartmenttype_354
lease,202207,89250,contract_893,apartmenttype_355
lease,202205,59000,contract_894,apartmenttype_356
lease,202202,100000,contract_895,apartmenttype_358
lease,202107,107000,contract_896,apartmenttype_359
lease,202205,107000,contract_897,apartmenttype_360
lease,202205,40675,contract_898,apartmenttype_361
lease,202207,63000,contract_899,apartmenttype_362
lease,202207,43000,contract_900,apartmenttype_363
lease,202111,63000,contract_901,apartmenttype_364
lease,202207,89000,contract_902,apartmenttype_365
lease,202205,103000,contract_903,apartmenttype_239
lease,202205,145000,contract_904,apartmenttype_366
lease,202203,158000,contract_905,apartmenttype_367
lease,202004,20000,contract_906,apartmenttype_368
lease,202003,21500,contract_907,apartmenttype_369
lease,201912,25000,contract_908,apartmenttype_370
lease,201910,65000,contract_909,apartmenttype_373
lease,202002,65000,contract_910,apartmenttype_375
lease,202008,25000,contract_911,apartmenttype_379
lease,201908,21000,contract_912,apartmenttype_380
lease,202003,35000,contract_913,apartmenttype_382
lease,202006,60000,contract_914,apartmenttype_384
lease,202207,54212,contract_915,apartmenttype_240
lease,202206,64000,contract_916,apartmenttype_241
lease,202207,70300,contract_917,apartmenttype_388
lease,202110,128000,contract_918,apartmenttype_389
lease,202207,87150,contract_919,apartmenttype_390
lease,202009,55000,contract_920,apartmenttype_386
lease,202007,65000,contract_921,apartmenttype_387
lease,202002,15750,contract_922,apartmenttype_391
lease,201911,14000,contract_923,apartmenttype_392
lease,201912,14000,contract_924,apartmenttype_393
lease,201912,60000,contract_925,apartmenttype_395
lease,201911,47000,contract_926,apartmenttype_396
lease,202203,63000,contract_927,apartmenttype_397
lease,202111,86000,contract_928,apartmenttype_398
lease,202206,97000,contract_929,apartmenttype_399
lease,202207,70875,contract_930,apartmenttype_624
lease,202206,73000,contract_931,apartmenttype_625
lease,202207,68250,contract_932,apartmenttype_626
lease,202002,20666,contract_933,apartmenttype_400
lease,201912,46000,contract_934,apartmenttype_401
lease,202001,70000,contract_935,apartmenttype_403
lease,202205,90000,contract_936,apartmenttype_404
lease,202206,84000,contract_937,apartmenttype_405
lease,202112,115000,contract_938,apartmenttype_406
lease,202205,78000,contract_939,apartmenttype_407
lease,202204,79000,contract_940,apartmenttype_408
lease,202110,68000,contract_941,apartmenttype_409
lease,202108,48300,contract_942,apartmenttype_411
lease,202112,60900,contract_943,apartmenttype_412
lease,202206,88050,contract_944,apartmenttype_413
lease,202004,70000,contract_945,apartmenttype_414
lease,202203,76650,contract_946,apartmenttype_415
lease,201912,60000,contract_947,apartmenttype_416
lease,202107,73500,contract_948,apartmenttype_417
lease,202206,78750,contract_949,apartmenttype_418
lease,202207,94500,contract_950,apartmenttype_419
lease,202207,99750,contract_951,apartmenttype_420
lease,202205,75600,contract_952,apartmenttype_421
lease,202206,78600,contract_953,apartmenttype_422
lease,202107,50400,contract_954,apartmenttype_423
lease,202112,55650,contract_955,apartmenttype_627
lease,202205,78075,contract_956,apartmenttype_628
lease,202203,68250,contract_957,apartmenttype_629
lease,202204,78500,contract_958,apartmenttype_630
lease,202205,80000,contract_959,apartmenttype_631
lease,202112,138000,contract_960,apartmenttype_632
lease,202012,125000,contract_961,apartmenttype_633
lease,202206,98000,contract_962,apartmenttype_433
lease,202206,77700,contract_963,apartmenttype_424
lease,202206,83500,contract_964,apartmenttype_425
lease,202207,107600,contract_965,apartmenttype_426
lease,202109,57750,contract_966,apartmenttype_427
lease,202101,47000,contract_967,apartmenttype_428
lease,202111,80000,contract_968,apartmenttype_429
lease,202010,73500,contract_969,apartmenttype_430
lease,202109,52500,contract_970,apartmenttype_431
lease,202207,39900,contract_971,apartmenttype_242
lease,202207,47000,contract_972,apartmenttype_243
lease,202207,68250,contract_973,apartmenttype_434
lease,202204,78000,contract_974,apartmenttype_435
lease,202207,78750,contract_975,apartmenttype_436
lease,202207,72000,contract_976,apartmenttype_437
lease,202110,72000,contract_977,apartmenttype_438
lease,202207,95000,contract_978,apartmenttype_439
lease,202207,85000,contract_979,apartmenttype_440
lease,202206,73500,contract_980,apartmenttype_441
lease,202206,95000,contract_981,apartmenttype_442
lease,202207,110000,contract_982,apartmenttype_443
lease,202204,105125,contract_983,apartmenttype_444
lease,202205,48500,contract_984,apartmenttype_635
lease,202205,50662,contract_985,apartmenttype_636
lease,202204,105000,contract_986,apartmenttype_637
lease,202010,110000,contract_987,apartmenttype_639
lease,202204,110000,contract_988,apartmenttype_640
lease,202204,75000,contract_989,apartmenttype_445
lease,202207,87000,contract_990,apartmenttype_446
lease,202205,64050,contract_991,apartmenttype_447
lease,202205,73366,contract_992,apartmenttype_448
lease,202206,89000,contract_993,apartmenttype_449
lease,202206,90000,contract_994,apartmenttype_450
lease,202206,89250,contract_995,apartmenttype_452
lease,202204,120000,contract_996,apartmenttype_454
lease,202206,160650,contract_997,apartmenttype_458
lease,202207,22050,contract_998,apartmenttype_460
lease,202205,39000,contract_999,apartmenttype_461
lease,202207,34650,contract_1000,apartmenttype_462
lease,202110,50000,contract_1001,apartmenttype_463
lease,202106,31500,contract_1002,apartmenttype_464
lease,202205,75000,contract_1003,apartmenttype_466
lease,202111,77700,contract_1004,apartmenttype_467
lease,202207,55500,contract_1005,apartmenttype_468
lease,202207,57750,contract_1006,apartmenttype_469
lease,202207,67200,contract_1007,apartmenttype_470
lease,202207,73500,contract_1008,apartmenttype_471
lease,202206,76070,contract_1009,apartmenttype_472
lease,202206,107625,contract_1010,apartmenttype_473
lease,202206,113000,contract_1011,apartmenttype_474
lease,202207,120000,contract_1012,apartmenttype_475
lease,202206,27500,contract_1013,apartmenttype_234
lease,202207,31000,contract_1014,apartmenttype_235
lease,202205,33600,contract_1015,apartmenttype_236
lease,202206,50400,contract_1016,apartmenttype_229
lease,202207,75000,contract_1017,apartmenttype_230
lease,202206,52000,contract_1018,apartmenttype_231
lease,202010,57700,contract_1019,apartmenttype_232
lease,202207,78750,contract_1020,apartmenttype_476
lease,202205,83000,contract_1021,apartmenttype_477
lease,202207,92400,contract_1022,apartmenttype_478
lease,202205,160000,contract_1023,apartmenttype_298
lease,202206,136500,contract_1024,apartmenttype_299
lease,202207,155000,contract_1025,apartmenttype_300
lease,202105,157500,contract_1026,apartmenttype_301
lease,202206,157500,contract_1027,apartmenttype_302
lease,202112,195000,contract_1028,apartmenttype_303
lease,202206,162750,contract_1029,apartmenttype_304
lease,202207,180600,contract_1030,apartmenttype_305
lease,202206,189000,contract_1031,apartmenttype_306
lease,202007,184000,contract_1032,apartmenttype_308
lease,202207,163000,contract_1033,apartmenttype_309
lease,202207,183750,contract_1034,apartmenttype_310
lease,202207,161250,contract_1035,apartmenttype_311
lease,202207,230000,contract_1036,apartmenttype_312
lease,202105,135000,contract_1037,apartmenttype_313
lease,202202,115500,contract_1038,apartmenttype_314
lease,202207,118750,contract_1039,apartmenttype_315
lease,202204,141750,contract_1040,apartmenttype_316
lease,202207,132300,contract_1041,apartmenttype_317
lease,202207,167000,contract_1042,apartmenttype_318
lease,202010,143000,contract_1043,apartmenttype_319
lease,202207,165900,contract_1044,apartmenttype_320
lease,202207,210000,contract_1045,apartmenttype_321
lease,202207,45000,contract_1046,apartmenttype_233
lease,202105,96250,contract_1047,apartmenttype_479
lease,202111,92400,contract_1048,apartmenttype_480
lease,202110,114450,contract_1049,apartmenttype_481
lease,202012,170000,contract_1050,apartmenttype_482
lease,202112,165375,contract_1051,apartmenttype_483
lease,202206,115500,contract_1052,apartmenttype_484
lease,202206,126966,contract_1053,apartmenttype_485
lease,202101,176000,contract_1054,apartmenttype_486
lease,202206,180000,contract_1055,apartmenttype_487
lease,202207,136500,contract_1056,apartmenttype_488
lease,202205,196125,contract_1057,apartmenttype_489
lease,202206,191250,contract_1058,apartmenttype_490
lease,202206,170625,contract_1059,apartmenttype_491
lease,202206,199500,contract_1060,apartmenttype_492
lease,202207,176400,contract_1061,apartmenttype_493
lease,202206,46481,contract_1062,apartmenttype_65
lease,202206,44019,contract_1063,apartmenttype_66
lease,202207,108150,contract_1064,apartmenttype_67
lease,202207,110250,contract_1065,apartmenttype_68
lease,202206,128000,contract_1066,apartmenttype_69
lease,202206,135000,contract_1067,apartmenttype_70
lease,202202,140000,contract_1068,apartmenttype_71
lease,202204,165000,contract_1069,apartmenttype_72
lease,202104,240000,contract_1070,apartmenttype_73
lease,202205,99500,contract_1071,apartmenttype_74
lease,202205,119500,contract_1072,apartmenttype_75
lease,202103,122500,contract_1073,apartmenttype_76
lease,202205,96600,contract_1074,apartmenttype_77
lease,202203,40162,contract_1075,apartmenttype_1245
lease,202206,54124,contract_1076,apartmenttype_1246
lease,202204,93000,contract_1077,apartmenttype_1247
lease,202207,91350,contract_1078,apartmenttype_1248
lease,202201,80000,contract_1079,apartmenttype_1249
lease,202202,85000,contract_1080,apartmenttype_1250
lease,202206,94500,contract_1081,apartmenttype_1251
lease,202207,71400,contract_1082,apartmenttype_1265
lease,202207,41737,contract_1083,apartmenttype_1266
lease,202204,27917,contract_1084,apartmenttype_1267
lease,202206,89250,contract_1085,apartmenttype_1268
lease,202206,32899,contract_1086,apartmenttype_1269
lease,202109,66000,contract_1087,apartmenttype_1270
lease,202012,68000,contract_1088,apartmenttype_1271
lease,202206,65100,contract_1089,apartmenttype_1272
lease,202206,60600,contract_1090,apartmenttype_1273
lease,202206,80000,contract_1091,apartmenttype_1274
lease,202102,90000,contract_1092,apartmenttype_1275
lease,202207,49612,contract_1093,apartmenttype_244
lease,202206,49612,contract_1094,apartmenttype_245
lease,202206,53383,contract_1095,apartmenttype_246
lease,202205,61031,contract_1096,apartmenttype_247
lease,202207,16953,contract_1097,apartmenttype_248
lease,202202,81500,contract_1098,apartmenttype_249
lease,202207,31689,contract_1099,apartmenttype_250
lease,202205,51000,contract_1100,apartmenttype_251
lease,202207,63556,contract_1101,apartmenttype_252
lease,202207,41671,contract_1102,apartmenttype_253
lease,202206,120000,contract_1103,apartmenttype_254
lease,202203,90000,contract_1104,apartmenttype_255
lease,202202,71925,contract_1105,apartmenttype_256
lease,202203,73500,contract_1106,apartmenttype_257
lease,202206,95000,contract_1107,apartmenttype_78
lease,202110,145000,contract_1108,apartmenttype_79
lease,202102,90000,contract_1109,apartmenttype_80
lease,202206,145000,contract_1110,apartmenttype_81
lease,202206,77000,contract_1111,apartmenttype_259
lease,202206,72400,contract_1112,apartmenttype_260
lease,202202,65000,contract_1113,apartmenttype_261
lease,202201,81900,contract_1114,apartmenttype_262
lease,202202,115000,contract_1115,apartmenttype_263
lease,202010,95000,contract_1116,apartmenttype_264
lease,202107,84000,contract_1117,apartmenttype_82
lease,202110,154000,contract_1118,apartmenttype_83
lease,202111,200000,contract_1119,apartmenttype_85
lease,202206,78700,contract_1120,apartmenttype_265
lease,202112,78750,contract_1121,apartmenttype_266
lease,202203,115000,contract_1122,apartmenttype_267
lease,202202,94500,contract_1123,apartmenttype_268
lease,202204,94500,contract_1124,apartmenttype_269
lease,202108,89250,contract_1125,apartmenttype_270
lease,201910,90000,contract_1126,apartmenttype_271
lease,201908,135000,contract_1127,apartmenttype_273
lease,202112,86000,contract_1128,apartmenttype_86
lease,202010,99500,contract_1129,apartmenttype_87
lease,202203,108150,contract_1130,apartmenttype_90
lease,202205,150000,contract_1131,apartmenttype_94
lease,202108,195000,contract_1132,apartmenttype_95
lease,202201,126000,contract_1133,apartmenttype_96
lease,202203,99000,contract_1134,apartmenttype_101
lease,201908,52000,contract_1135,apartmenttype_102
lease,202207,78750,contract_1136,apartmenttype_103
lease,202110,57700,contract_1137,apartmenttype_104
lease,202106,140000,contract_1138,apartmenttype_105
lease,202110,36750,contract_1139,apartmenttype_107
lease,202206,60000,contract_1140,apartmenttype_108
lease,202206,75000,contract_1141,apartmenttype_109
lease,202206,62400,contract_1142,apartmenttype_112
lease,202012,80000,contract_1143,apartmenttype_113
lease,202206,72500,contract_1144,apartmenttype_277
lease,202206,59000,contract_1145,apartmenttype_278
lease,202207,70000,contract_1146,apartmenttype_279
lease,202207,79000,contract_1147,apartmenttype_280
lease,202206,62000,contract_1148,apartmenttype_281
lease,202206,74600,contract_1149,apartmenttype_282
lease,202204,84000,contract_1150,apartmenttype_283
lease,202207,66150,contract_1151,apartmenttype_284
lease,202204,73500,contract_1152,apartmenttype_285
lease,202207,83000,contract_1153,apartmenttype_286
lease,202204,66150,contract_1154,apartmenttype_287
lease,202207,123000,contract_1155,apartmenttype_120
lease,202101,98175,contract_1156,apartmenttype_121
lease,202206,93000,contract_1157,apartmenttype_122
lease,202106,99750,contract_1158,apartmenttype_123
lease,202205,60000,contract_1159,apartmenttype_292
lease,202203,67500,contract_1160,apartmenttype_293
lease,202205,75000,contract_1161,apartmenttype_294
lease,202205,80000,contract_1162,apartmenttype_295
lease,202205,72000,contract_1163,apartmenttype_297
lease,202206,55985,contract_1164,apartmenttype_288
lease,202205,52500,contract_1165,apartmenttype_289
lease,202206,71500,contract_1166,apartmenttype_290
lease,202206,58800,contract_1167,apartmenttype_291
lease,202205,210000,contract_1168,apartmenttype_124
lease,201909,170000,contract_1169,apartmenttype_125
lease,202006,195000,contract_1170,apartmenttype_126
lease,202112,230000,contract_1171,apartmenttype_127
lease,202107,23100,contract_1172,apartmenttype_129
lease,202205,28300,contract_1173,apartmenttype_130
lease,201909,30000,contract_1174,apartmenttype_131
lease,202205,34000,contract_1175,apartmenttype_132
lease,202102,36750,contract_1176,apartmenttype_136
lease,202203,50000,contract_1177,apartmenttype_137
lease,202207,52500,contract_1178,apartmenttype_138
lease,202207,190000,contract_1179,apartmenttype_140
lease,202112,167000,contract_1180,apartmenttype_142
lease,202204,48000,contract_1181,apartmenttype_144
lease,202207,49613,contract_1182,apartmenttype_146
lease,202203,52500,contract_1183,apartmenttype_148
lease,202207,47300,contract_1184,apartmenttype_149
lease,202205,44100,contract_1185,apartmenttype_150
lease,202205,25700,contract_1186,apartmenttype_153
lease,202206,25000,contract_1187,apartmenttype_154
lease,202203,37000,contract_1188,apartmenttype_155
lease,202109,35000,contract_1189,apartmenttype_156
lease,202203,167000,contract_1190,apartmenttype_157
lease,202102,131250,contract_1191,apartmenttype_158
lease,202001,150000,contract_1192,apartmenttype_159
lease,202107,140000,contract_1193,apartmenttype_160
lease,202105,165000,contract_1194,apartmenttype_161
lease,202112,100000,contract_1195,apartmenttype_163
lease,202108,78200,contract_1196,apartmenttype_164
lease,202206,95000,contract_1197,apartmenttype_165
lease,202009,95000,contract_1198,apartmenttype_166
lease,202205,87000,contract_1199,apartmenttype_167
lease,202002,95000,contract_1200,apartmenttype_168
lease,202207,82600,contract_1201,apartmenttype_169
lease,202206,77700,contract_1202,apartmenttype_170
lease,202112,110250,contract_1203,apartmenttype_171
lease,202110,141750,contract_1204,apartmenttype_172
lease,202111,157500,contract_1205,apartmenttype_173
lease,202101,136500,contract_1206,apartmenttype_174
lease,202205,176000,contract_1207,apartmenttype_175
lease,202102,200000,contract_1208,apartmenttype_176
lease,202104,45000,contract_1209,apartmenttype_177
lease,202007,43000,contract_1210,apartmenttype_178
lease,202112,60000,contract_1211,apartmenttype_179
lease,202102,41475,contract_1212,apartmenttype_180
lease,202009,50000,contract_1213,apartmenttype_182
lease,202101,57000,contract_1214,apartmenttype_183
lease,202207,54905,contract_1215,apartmenttype_184
lease,201911,52000,contract_1216,apartmenttype_186
lease,202102,50000,contract_1217,apartmenttype_188
lease,202109,50000,contract_1218,apartmenttype_192
lease,202203,70000,contract_1219,apartmenttype_195
lease,202103,100000,contract_1220,apartmenttype_196
lease,202202,20000,contract_1221,apartmenttype_203
lease,202012,65000,contract_1222,apartmenttype_204
lease,202107,70000,contract_1223,apartmenttype_205
lease,202204,68000,contract_1224,apartmenttype_206
lease,201907,75000,contract_1225,apartmenttype_207
lease,202008,70000,contract_1226,apartmenttype_209
lease,202204,70000,contract_1227,apartmenttype_210
lease,202110,97000,contract_1228,apartmenttype_214
lease,202103,78750,contract_1229,apartmenttype_215
lease,202008,100000,contract_1230,apartmenttype_217
lease,202003,67000,contract_1231,apartmenttype_1
lease,202102,120000,contract_1232,apartmenttype_7
lease,202204,140000,contract_1233,apartmenttype_8
lease,202202,101850,contract_1234,apartmenttype_9
lease,202204,94500,contract_1235,apartmenttype_10
lease,202203,140000,contract_1236,apartmenttype_11
lease,202202,116925,contract_1237,apartmenttype_15
lease,202207,65000,contract_1238,apartmenttype_24
lease,202206,78750,contract_1239,apartmenttype_25
lease,202108,30500,contract_1240,apartmenttype_26
lease,202105,30000,contract_1241,apartmenttype_27
lease,202201,45000,contract_1242,apartmenttype_28
lease,202002,30000,contract_1243,apartmenttype_29
lease,202202,35000,contract_1244,apartmenttype_30
lease,202107,70000,contract_1245,apartmenttype_31
lease,202205,80000,contract_1246,apartmenttype_32
lease,202207,95000,contract_1247,apartmenttype_33
lease,202202,117000,contract_1248,apartmenttype_35
lease,202205,115000,contract_1249,apartmenttype_36
lease,202207,82500,contract_1250,apartmenttype_37
lease,202207,94500,contract_1251,apartmenttype_721
lease,202205,123666,contract_1252,apartmenttype_722
lease,202205,130000,contract_1253,apartmenttype_723
lease,202206,113400,contract_1254,apartmenttype_724
lease,202204,128000,contract_1255,apartmenttype_725
lease,202206,160000,contract_1256,apartmenttype_726
lease,202205,54757,contract_1257,apartmenttype_727
lease,202207,54757,contract_1258,apartmenttype_728
lease,202104,94500,contract_1259,apartmenttype_729
lease,202206,115500,contract_1260,apartmenttype_730
lease,202105,97500,contract_1261,apartmenttype_731
lease,202206,119625,contract_1262,apartmenttype_732
lease,202202,155000,contract_1263,apartmenttype_733
lease,202111,136500,contract_1264,apartmenttype_734
lease,201907,120000,contract_1265,apartmenttype_735
lease,202109,134400,contract_1266,apartmenttype_736
lease,202010,170000,contract_1267,apartmenttype_737
lease,202111,120000,contract_1268,apartmenttype_738
lease,202112,210000,contract_1269,apartmenttype_740
lease,202111,152250,contract_1270,apartmenttype_741
lease,202207,106116,contract_1271,apartmenttype_742
lease,202207,135000,contract_1272,apartmenttype_743
lease,202202,129750,contract_1273,apartmenttype_744
lease,202207,175000,contract_1274,apartmenttype_745
lease,202206,69750,contract_1275,apartmenttype_746
lease,202204,79200,contract_1276,apartmenttype_747
lease,202205,102000,contract_1277,apartmenttype_748
lease,202205,73500,contract_1278,apartmenttype_749
lease,201912,115000,contract_1279,apartmenttype_750
lease,202109,112000,contract_1280,apartmenttype_751
lease,202011,130000,contract_1281,apartmenttype_752
lease,202112,100800,contract_1282,apartmenttype_755
lease,202205,135000,contract_1283,apartmenttype_757
lease,202012,140000,contract_1284,apartmenttype_759
lease,202111,110000,contract_1285,apartmenttype_761
lease,202103,23100,contract_1286,apartmenttype_763
lease,202010,45000,contract_1287,apartmenttype_764
lease,202202,50000,contract_1288,apartmenttype_765
lease,202111,40900,contract_1289,apartmenttype_766
lease,202102,68000,contract_1290,apartmenttype_767
lease,202205,65000,contract_1291,apartmenttype_768
lease,202002,130000,contract_1292,apartmenttype_774
lease,202112,150000,contract_1293,apartmenttype_775
lease,202206,157500,contract_1294,apartmenttype_776
lease,202107,220000,contract_1295,apartmenttype_777
lease,202001,170000,contract_1296,apartmenttype_781
lease,202102,230000,contract_1297,apartmenttype_782
lease,201912,280000,contract_1298,apartmenttype_789
lease,202012,190000,contract_1299,apartmenttype_790
lease,202108,70000,contract_1300,apartmenttype_794
lease,202206,64050,contract_1301,apartmenttype_795
lease,202204,73500,contract_1302,apartmenttype_796
lease,202207,84000,contract_1303,apartmenttype_797
lease,202205,145000,contract_1304,apartmenttype_798
lease,202203,27500,contract_1305,apartmenttype_799
lease,202207,24100,contract_1306,apartmenttype_800
lease,202102,36380,contract_1307,apartmenttype_803
lease,201909,37500,contract_1308,apartmenttype_804
lease,202203,42000,contract_1309,apartmenttype_805
lease,202206,52500,contract_1310,apartmenttype_807
lease,202202,58375,contract_1311,apartmenttype_808
lease,202206,113400,contract_1312,apartmenttype_809
lease,202103,105000,contract_1313,apartmenttype_810
lease,202206,145000,contract_1314,apartmenttype_811
lease,202207,218000,contract_1315,apartmenttype_813
lease,202112,185000,contract_1316,apartmenttype_815
lease,202205,189000,contract_1317,apartmenttype_816
lease,202207,29000,contract_1318,apartmenttype_817
lease,202205,20000,contract_1319,apartmenttype_818
lease,202203,38900,contract_1320,apartmenttype_819
lease,202205,120000,contract_1321,apartmenttype_820
lease,202010,58000,contract_1322,apartmenttype_821
lease,202103,64000,contract_1323,apartmenttype_823
lease,202102,60000,contract_1324,apartmenttype_824
lease,202111,60000,contract_1325,apartmenttype_825
lease,202206,70000,contract_1326,apartmenttype_826
lease,202205,20000,contract_1327,apartmenttype_834
lease,202207,20000,contract_1328,apartmenttype_835
lease,202206,19000,contract_1329,apartmenttype_836
lease,202207,21500,contract_1330,apartmenttype_837
lease,202204,20930,contract_1331,apartmenttype_839
lease,202103,19500,contract_1332,apartmenttype_840
lease,202101,24750,contract_1333,apartmenttype_842
lease,202109,38850,contract_1334,apartmenttype_828
lease,202103,60000,contract_1335,apartmenttype_829
lease,202206,61900,contract_1336,apartmenttype_830
lease,202206,69000,contract_1337,apartmenttype_831
lease,202204,62000,contract_1338,apartmenttype_832
lease,202206,88000,contract_1339,apartmenttype_833
lease,202012,70000,contract_1340,apartmenttype_843
lease,202206,86100,contract_1341,apartmenttype_845
lease,202103,89250,contract_1342,apartmenttype_846
lease,202111,88000,contract_1343,apartmenttype_848
lease,202203,27500,contract_1344,apartmenttype_849
lease,202112,27000,contract_1345,apartmenttype_850
lease,202110,26250,contract_1346,apartmenttype_851
lease,202206,30750,contract_1347,apartmenttype_852
lease,202206,40000,contract_1348,apartmenttype_853
lease,202202,77175,contract_1349,apartmenttype_529
lease,202101,107125,contract_1350,apartmenttype_530
lease,202009,89250,contract_1351,apartmenttype_531
lease,202106,160000,contract_1352,apartmenttype_532
lease,202203,147000,contract_1353,apartmenttype_533
lease,202204,220000,contract_1354,apartmenttype_534
lease,202207,189000,contract_1355,apartmenttype_535
lease,202109,235000,contract_1356,apartmenttype_536
lease,202202,170888,contract_1357,apartmenttype_537
lease,202109,315000,contract_1358,apartmenttype_538
lease,202006,190000,contract_1359,apartmenttype_539
lease,202203,115500,contract_1360,apartmenttype_607
lease,202206,99750,contract_1361,apartmenttype_608
lease,202205,159000,contract_1362,apartmenttype_609
lease,202202,161425,contract_1363,apartmenttype_610
lease,202206,167500,contract_1364,apartmenttype_611
lease,202205,208500,contract_1365,apartmenttype_612
lease,202110,210000,contract_1366,apartmenttype_613
lease,202203,199000,contract_1367,apartmenttype_614
lease,202206,61950,contract_1368,apartmenttype_38
lease,202207,92400,contract_1369,apartmenttype_39
lease,202206,145000,contract_1370,apartmenttype_40
lease,202205,120000,contract_1371,apartmenttype_41
lease,202207,71400,contract_1372,apartmenttype_854
lease,202105,77000,contract_1373,apartmenttype_855
lease,202010,95000,contract_1374,apartmenttype_860
lease,202103,110000,contract_1375,apartmenttype_862
lease,202009,95000,contract_1376,apartmenttype_863
lease,202111,125000,contract_1377,apartmenttype_864
lease,202012,120000,contract_1378,apartmenttype_868
lease,202011,129000,contract_1379,apartmenttype_869
lease,202108,117500,contract_1380,apartmenttype_873
lease,202103,105000,contract_1381,apartmenttype_874
lease,202112,135000,contract_1382,apartmenttype_875
lease,202203,42000,contract_1383,apartmenttype_879
lease,202206,73000,contract_1384,apartmenttype_881
lease,202205,74666,contract_1385,apartmenttype_882
lease,202202,54600,contract_1386,apartmenttype_883
lease,202204,65000,contract_1387,apartmenttype_884
lease,202206,95000,contract_1388,apartmenttype_885
lease,202109,85000,contract_1389,apartmenttype_886
lease,202101,103000,contract_1390,apartmenttype_892
lease,202205,150000,contract_1391,apartmenttype_896
lease,202202,113000,contract_1392,apartmenttype_898
lease,202009,105000,contract_1393,apartmenttype_899
lease,202205,149000,contract_1394,apartmenttype_901
lease,202107,111000,contract_1395,apartmenttype_902
lease,202107,92400,contract_1396,apartmenttype_904
lease,202205,25500,contract_1397,apartmenttype_906
lease,202012,26000,contract_1398,apartmenttype_907
lease,201907,95000,contract_1399,apartmenttype_917
lease,202010,130000,contract_1400,apartmenttype_920
lease,202107,115500,contract_1401,apartmenttype_921
lease,202102,110000,contract_1402,apartmenttype_924
lease,202202,110000,contract_1403,apartmenttype_926
lease,202011,104000,contract_1404,apartmenttype_927
lease,202103,155000,contract_1405,apartmenttype_928
lease,202207,120750,contract_1406,apartmenttype_929
lease,202203,29400,contract_1407,apartmenttype_953
lease,201910,28000,contract_1408,apartmenttype_954
lease,201911,25500,contract_1409,apartmenttype_955
lease,202004,28000,contract_1410,apartmenttype_956
lease,202005,28000,contract_1411,apartmenttype_957
lease,202207,30282,contract_1412,apartmenttype_958
lease,202002,28500,contract_1413,apartmenttype_959
lease,202111,30400,contract_1414,apartmenttype_960
lease,202207,35000,contract_1415,apartmenttype_961
lease,202205,31500,contract_1416,apartmenttype_964
lease,202207,44000,contract_1417,apartmenttype_965
lease,202008,46000,contract_1418,apartmenttype_967
lease,202012,54000,contract_1419,apartmenttype_971
lease,202203,50400,contract_1420,apartmenttype_972
lease,202011,40000,contract_1421,apartmenttype_973
lease,201910,49990,contract_1422,apartmenttype_975
lease,202201,40500,contract_1423,apartmenttype_933
lease,202206,54600,contract_1424,apartmenttype_935
lease,202007,56000,contract_1425,apartmenttype_936
lease,202204,60000,contract_1426,apartmenttype_937
lease,202102,57700,contract_1427,apartmenttype_938
lease,202203,83000,contract_1428,apartmenttype_939
lease,202206,37800,contract_1429,apartmenttype_940
lease,202206,42995,contract_1430,apartmenttype_941
lease,202203,115000,contract_1431,apartmenttype_942
lease,202103,165000,contract_1432,apartmenttype_944
lease,202110,185000,contract_1433,apartmenttype_947
lease,202102,160000,contract_1434,apartmenttype_948
lease,202002,120000,contract_1435,apartmenttype_949
lease,202012,200000,contract_1436,apartmenttype_951
lease,201912,130000,contract_1437,apartmenttype_977
lease,201912,124000,contract_1438,apartmenttype_978
lease,201912,145000,contract_1439,apartmenttype_979
lease,202111,163500,contract_1440,apartmenttype_980
lease,202202,260000,contract_1441,apartmenttype_985
lease,202110,78750,contract_1442,apartmenttype_986
lease,202204,94000,contract_1443,apartmenttype_987
lease,202202,79000,contract_1444,apartmenttype_988
lease,202202,84000,contract_1445,apartmenttype_989
lease,202207,110000,contract_1446,apartmenttype_990
lease,202203,140000,contract_1447,apartmenttype_991
lease,202202,107000,contract_1448,apartmenttype_992
lease,202207,120000,contract_1449,apartmenttype_993
lease,202206,96600,contract_1450,apartmenttype_994
lease,202206,65000,contract_1451,apartmenttype_995
lease,202202,125000,contract_1452,apartmenttype_996
lease,202204,110000,contract_1453,apartmenttype_997
lease,202203,91350,contract_1454,apartmenttype_998
lease,202205,92400,contract_1455,apartmenttype_999
lease,202204,120000,contract_1456,apartmenttype_1000
lease,202002,100000,contract_1457,apartmenttype_1001
lease,202205,125000,contract_1458,apartmenttype_1002
lease,202206,115500,contract_1459,apartmenttype_1004
lease,202203,31000,contract_1460,apartmenttype_1005
lease,202203,50000,contract_1461,apartmenttype_1006
lease,202203,75750,contract_1462,apartmenttype_1007
lease,202101,120000,contract_1463,apartmenttype_1008
lease,202110,94500,contract_1464,apartmenttype_1009
lease,202101,120000,contract_1465,apartmenttype_1199
lease,202202,110000,contract_1466,apartmenttype_1200
lease,202205,140000,contract_1467,apartmenttype_1201
lease,202203,120000,contract_1468,apartmenttype_1202
lease,202203,200000,contract_1469,apartmenttype_1010
lease,202205,140700,contract_1470,apartmenttype_1011
lease,202005,175000,contract_1471,apartmenttype_1012
lease,202207,23000,contract_1472,apartmenttype_1013
lease,202206,28000,contract_1473,apartmenttype_1014
lease,202205,28500,contract_1474,apartmenttype_1015
lease,202112,48000,contract_1475,apartmenttype_1016
lease,202206,46200,contract_1476,apartmenttype_1017
lease,202006,85000,contract_1477,apartmenttype_1020
lease,202205,101850,contract_1478,apartmenttype_1023
lease,202004,85000,contract_1479,apartmenttype_1024
lease,202204,145000,contract_1480,apartmenttype_1025
lease,202202,105000,contract_1481,apartmenttype_1026
lease,202109,34650,contract_1482,apartmenttype_1027
lease,202103,34650,contract_1483,apartmenttype_1028
lease,202207,35500,contract_1484,apartmenttype_1029
lease,202102,35700,contract_1485,apartmenttype_1031
lease,202106,35700,contract_1486,apartmenttype_1032
lease,202111,40890,contract_1487,apartmenttype_1033
lease,202112,40800,contract_1488,apartmenttype_1034
lease,202206,49500,contract_1489,apartmenttype_1035
lease,202206,48400,contract_1490,apartmenttype_1036
lease,202102,42000,contract_1491,apartmenttype_1037
lease,202007,75000,contract_1492,apartmenttype_1038
lease,202206,84000,contract_1493,apartmenttype_1039
lease,202207,105000,contract_1494,apartmenttype_1040
lease,202108,140000,contract_1495,apartmenttype_1041
lease,202207,70000,contract_1496,apartmenttype_1042
lease,202205,66000,contract_1497,apartmenttype_1043
lease,202206,52500,contract_1498,apartmenttype_1044
lease,202207,48300,contract_1499,apartmenttype_1045
lease,202206,70000,contract_1500,apartmenttype_1046
lease,202202,81900,contract_1501,apartmenttype_1048
lease,202110,75000,contract_1502,apartmenttype_1049
lease,202105,77170,contract_1503,apartmenttype_1050
lease,202203,91000,contract_1504,apartmenttype_1052
lease,202004,21700,contract_1505,apartmenttype_1055
lease,202108,30000,contract_1506,apartmenttype_1058
lease,202111,34000,contract_1507,apartmenttype_1062
lease,202204,33600,contract_1508,apartmenttype_1064
lease,202112,34650,contract_1509,apartmenttype_1067
lease,202107,40000,contract_1510,apartmenttype_1069
lease,202202,35700,contract_1511,apartmenttype_1070
lease,202007,36000,contract_1512,apartmenttype_1071
lease,202111,46800,contract_1513,apartmenttype_1072
lease,202104,43000,contract_1514,apartmenttype_1073
lease,202205,40000,contract_1515,apartmenttype_1074
lease,202106,60000,contract_1516,apartmenttype_1082
lease,202006,21000,contract_1517,apartmenttype_1085
lease,202204,22000,contract_1518,apartmenttype_1087
lease,202009,27000,contract_1519,apartmenttype_1091
lease,202204,27300,contract_1520,apartmenttype_1092
lease,202207,29000,contract_1521,apartmenttype_1094
lease,202109,27300,contract_1522,apartmenttype_1095
lease,202203,43000,contract_1523,apartmenttype_1098
lease,202005,32000,contract_1524,apartmenttype_1099
lease,202204,23000,contract_1525,apartmenttype_1101
lease,202204,123675,contract_1526,apartmenttype_1103
lease,202111,131250,contract_1527,apartmenttype_1104
lease,202202,162750,contract_1528,apartmenttype_1105
lease,202206,104500,contract_1529,apartmenttype_1106
lease,202204,99750,contract_1530,apartmenttype_1107
lease,202203,110250,contract_1531,apartmenttype_1108
lease,202205,134333,contract_1532,apartmenttype_1109
lease,202112,120000,contract_1533,apartmenttype_1110
lease,202206,151825,contract_1534,apartmenttype_1111
lease,202109,105000,contract_1535,apartmenttype_1112
lease,202205,50000,contract_1536,apartmenttype_1113
lease,202109,68250,contract_1537,apartmenttype_1115
lease,202012,65000,contract_1538,apartmenttype_1116
lease,201910,70000,contract_1539,apartmenttype_1119
lease,202111,95000,contract_1540,apartmenttype_1120
lease,202107,80850,contract_1541,apartmenttype_1122
lease,202111,94500,contract_1542,apartmenttype_1124
lease,202202,100000,contract_1543,apartmenttype_1125
lease,202207,71050,contract_1544,apartmenttype_1126
lease,202207,140000,contract_1545,apartmenttype_1127
lease,202206,121733,contract_1546,apartmenttype_1128
lease,202207,163000,contract_1547,apartmenttype_1129
lease,201907,123000,contract_1548,apartmenttype_1130
lease,202206,120000,contract_1549,apartmenttype_1131
lease,202204,110250,contract_1550,apartmenttype_1132
lease,202006,110000,contract_1551,apartmenttype_1133
lease,202110,130000,contract_1552,apartmenttype_1134
lease,202205,190000,contract_1553,apartmenttype_1135
lease,202202,147000,contract_1554,apartmenttype_1136
lease,202109,200000,contract_1555,apartmenttype_1137
lease,202204,164850,contract_1556,apartmenttype_1138
lease,202108,223750,contract_1557,apartmenttype_1139
lease,202110,230000,contract_1558,apartmenttype_1140
lease,202204,227000,contract_1559,apartmenttype_1141
lease,202109,153300,contract_1560,apartmenttype_1142
lease,202101,200000,contract_1561,apartmenttype_1143
lease,202103,190000,contract_1562,apartmenttype_1144
lease,202203,196400,contract_1563,apartmenttype_1145
lease,202102,200000,contract_1564,apartmenttype_1147
lease,202107,147000,contract_1565,apartmenttype_1148
lease,202207,240000,contract_1566,apartmenttype_1150
lease,202012,250000,contract_1567,apartmenttype_1151
lease,202205,189000,contract_1568,apartmenttype_1152
lease,202205,72099,contract_1569,apartmenttype_1155
lease,202204,110000,contract_1570,apartmenttype_1157
lease,202009,115000,contract_1571,apartmenttype_1158
lease,202012,94500,contract_1572,apartmenttype_1159
lease,202201,106000,contract_1573,apartmenttype_1160
lease,202203,140375,contract_1574,apartmenttype_1161
lease,202204,157500,contract_1575,apartmenttype_1162
lease,202204,190000,contract_1576,apartmenttype_1163
lease,202102,139000,contract_1577,apartmenttype_1164
lease,202202,188000,contract_1578,apartmenttype_1165
lease,202011,200000,contract_1579,apartmenttype_1166
lease,202207,80500,contract_1580,apartmenttype_1169
lease,202206,94500,contract_1581,apartmenttype_1170
lease,202206,111216,contract_1582,apartmenttype_1171
lease,202207,143000,contract_1583,apartmenttype_1172
lease,202207,127500,contract_1584,apartmenttype_1173
lease,202203,166633,contract_1585,apartmenttype_1174
lease,202204,147000,contract_1586,apartmenttype_1175
lease,202205,165000,contract_1587,apartmenttype_1176
lease,202205,191500,contract_1588,apartmenttype_1177
lease,202204,147000,contract_1589,apartmenttype_1185
lease,202112,157000,contract_1590,apartmenttype_1186
lease,202206,180000,contract_1591,apartmenttype_1189
lease,202207,120000,contract_1592,apartmenttype_1190
lease,202111,220000,contract_1593,apartmenttype_1192
lease,202107,220000,contract_1594,apartmenttype_1193
lease,202202,65100,contract_1595,apartmenttype_43
lease,202205,92400,contract_1596,apartmenttype_44
lease,202009,105000,contract_1597,apartmenttype_45
lease,202204,150000,contract_1598,apartmenttype_46
lease,202202,88200,contract_1599,apartmenttype_47
lease,202010,130000,contract_1600,apartmenttype_48
lease,202203,152000,contract_1601,apartmenttype_49
lease,202003,105000,contract_1602,apartmenttype_50
lease,202104,170000,contract_1603,apartmenttype_51
lease,202205,73000,contract_1604,apartmenttype_52
lease,202204,54600,contract_1605,apartmenttype_53
lease,202205,67000,contract_1606,apartmenttype_54
lease,202205,77000,contract_1607,apartmenttype_55
lease,202204,71000,contract_1608,apartmenttype_56
lease,202207,92000,contract_1609,apartmenttype_57
lease,202206,103625,contract_1610,apartmenttype_58
lease,202206,130000,contract_1611,apartmenttype_59
lease,202010,140000,contract_1612,apartmenttype_60
lease,202207,95000,contract_1613,apartmenttype_61
lease,202202,92400,contract_1614,apartmenttype_62
lease,202205,160000,contract_1615,apartmenttype_63
lease,202207,131200,contract_1616,apartmenttype_64
lease,201910,80000,contract_1617,apartmenttype_197
lease,202205,100000,contract_1618,apartmenttype_198
lease,202205,120000,contract_1619,apartmenttype_199
lease,202207,115500,contract_1620,apartmenttype_200
lease,202203,110250,contract_1621,apartmenttype_201
lease,202205,198000,contract_1622,apartmenttype_202
