uuid,uuid_districtboundarydong,uuid_busstation
0,districtboundarydong_11650101,busstation_21
1,districtboundarydong_11650101,busstation_22
2,districtboundarydong_11650101,busstation_23
3,districtboundarydong_11650101,busstation_24
4,districtboundarydong_11650101,busstation_25
5,districtboundarydong_11650101,busstation_83
6,districtboundarydong_11650101,busstation_144
7,districtboundarydong_11650101,busstation_145
8,districtboundarydong_11650101,busstation_146
9,districtboundarydong_11650101,busstation_147
10,districtboundarydong_11650101,busstation_148
11,districtboundarydong_11650101,busstation_149
12,districtboundarydong_11650101,busstation_150
13,districtboundarydong_11650101,busstation_151
14,districtboundarydong_11650101,busstation_152
15,districtboundarydong_11650101,busstation_153
16,districtboundarydong_11650101,busstation_154
17,districtboundarydong_11650101,busstation_155
18,districtboundarydong_11650101,busstation_156
19,districtboundarydong_11650101,busstation_157
20,districtboundarydong_11650101,busstation_158
21,districtboundarydong_11650101,busstation_159
22,districtboundarydong_11650101,busstation_160
23,districtboundarydong_11650101,busstation_161
24,districtboundarydong_11650101,busstation_162
25,districtboundarydong_11650101,busstation_163
26,districtboundarydong_11650101,busstation_164
27,districtboundarydong_11650101,busstation_165
28,districtboundarydong_11650101,busstation_166
29,districtboundarydong_11650101,busstation_167
30,districtboundarydong_11650101,busstation_168
31,districtboundarydong_11650101,busstation_169
32,districtboundarydong_11650101,busstation_170
33,districtboundarydong_11650101,busstation_171
34,districtboundarydong_11650101,busstation_172
35,districtboundarydong_11650101,busstation_173
36,districtboundarydong_11650101,busstation_174
37,districtboundarydong_11650101,busstation_175
38,districtboundarydong_11650101,busstation_176
39,districtboundarydong_11650101,busstation_177
40,districtboundarydong_11650101,busstation_178
41,districtboundarydong_11650101,busstation_179
42,districtboundarydong_11650101,busstation_180
43,districtboundarydong_11650101,busstation_181
44,districtboundarydong_11650101,busstation_182
45,districtboundarydong_11650101,busstation_183
46,districtboundarydong_11650101,busstation_185
47,districtboundarydong_11650101,busstation_186
48,districtboundarydong_11650101,busstation_255
49,districtboundarydong_11650101,busstation_257
50,districtboundarydong_11650101,busstation_267
51,districtboundarydong_11650101,busstation_268
52,districtboundarydong_11650101,busstation_269
53,districtboundarydong_11650101,busstation_282
54,districtboundarydong_11650101,busstation_283
55,districtboundarydong_11650101,busstation_284
56,districtboundarydong_11650101,busstation_285
57,districtboundarydong_11650101,busstation_286
58,districtboundarydong_11650101,busstation_287
59,districtboundarydong_11650101,busstation_288
60,districtboundarydong_11650101,busstation_289
61,districtboundarydong_11650101,busstation_290
62,districtboundarydong_11650101,busstation_291
63,districtboundarydong_11650101,busstation_310
64,districtboundarydong_11650101,busstation_311
65,districtboundarydong_11650101,busstation_313
66,districtboundarydong_11650101,busstation_316
67,districtboundarydong_11650101,busstation_319
68,districtboundarydong_11650101,busstation_320
69,districtboundarydong_11650101,busstation_321
70,districtboundarydong_11650101,busstation_326
71,districtboundarydong_11650101,busstation_330
72,districtboundarydong_11650101,busstation_331
73,districtboundarydong_11650101,busstation_332
74,districtboundarydong_11650101,busstation_337
75,districtboundarydong_11650101,busstation_340
76,districtboundarydong_11650101,busstation_341
77,districtboundarydong_11650101,busstation_342
78,districtboundarydong_11650101,busstation_343
79,districtboundarydong_11650101,busstation_348
80,districtboundarydong_11650101,busstation_349
81,districtboundarydong_11650101,busstation_352
82,districtboundarydong_11650101,busstation_353
83,districtboundarydong_11650101,busstation_354
84,districtboundarydong_11650101,busstation_358
85,districtboundarydong_11650101,busstation_360
86,districtboundarydong_11650101,busstation_361
87,districtboundarydong_11650101,busstation_362
88,districtboundarydong_11650101,busstation_366
89,districtboundarydong_11650101,busstation_371
90,districtboundarydong_11650101,busstation_372
91,districtboundarydong_11650101,busstation_378
92,districtboundarydong_11650101,busstation_384
93,districtboundarydong_11650101,busstation_385
94,districtboundarydong_11650101,busstation_390
95,districtboundarydong_11650101,busstation_394
96,districtboundarydong_11650101,busstation_398
97,districtboundarydong_11650101,busstation_399
98,districtboundarydong_11650101,busstation_400
99,districtboundarydong_11650101,busstation_409
100,districtboundarydong_11650101,busstation_410
101,districtboundarydong_11650101,busstation_418
102,districtboundarydong_11650101,busstation_419
103,districtboundarydong_11650101,busstation_423
104,districtboundarydong_11650101,busstation_426
105,districtboundarydong_11650101,busstation_428
106,districtboundarydong_11650101,busstation_432
107,districtboundarydong_11650101,busstation_433
108,districtboundarydong_11650101,busstation_434
109,districtboundarydong_11650101,busstation_439
110,districtboundarydong_11650101,busstation_443
111,districtboundarydong_11650101,busstation_448
112,districtboundarydong_11650101,busstation_453
113,districtboundarydong_11650101,busstation_479
114,districtboundarydong_11650101,busstation_485
115,districtboundarydong_11650101,busstation_490
116,districtboundarydong_11650101,busstation_499
117,districtboundarydong_11650101,busstation_500
118,districtboundarydong_11650101,busstation_502
119,districtboundarydong_11650101,busstation_514
120,districtboundarydong_11650101,busstation_517
121,districtboundarydong_11650101,busstation_522
122,districtboundarydong_11650101,busstation_526
123,districtboundarydong_11650101,busstation_530
124,districtboundarydong_11650101,busstation_536
125,districtboundarydong_11650101,busstation_543
126,districtboundarydong_11650101,busstation_548
127,districtboundarydong_11650101,busstation_549
128,districtboundarydong_11650101,busstation_554
129,districtboundarydong_11650101,busstation_555
130,districtboundarydong_11650101,busstation_557
131,districtboundarydong_11650101,busstation_565
132,districtboundarydong_11650101,busstation_569
133,districtboundarydong_11650101,busstation_570
134,districtboundarydong_11650101,busstation_572
135,districtboundarydong_11650101,busstation_573
136,districtboundarydong_11650101,busstation_575
137,districtboundarydong_11650101,busstation_578
138,districtboundarydong_11650101,busstation_583
139,districtboundarydong_11650101,busstation_588
140,districtboundarydong_11650101,busstation_590
141,districtboundarydong_11650101,busstation_597
142,districtboundarydong_11650101,busstation_599
143,districtboundarydong_11650101,busstation_600
144,districtboundarydong_11650101,busstation_603
145,districtboundarydong_11650101,busstation_604
146,districtboundarydong_11650101,busstation_606
147,districtboundarydong_11650101,busstation_608
148,districtboundarydong_11650101,busstation_611
149,districtboundarydong_11650101,busstation_615
150,districtboundarydong_11650102,busstation_2
151,districtboundarydong_11650102,busstation_3
152,districtboundarydong_11650102,busstation_4
153,districtboundarydong_11650102,busstation_5
154,districtboundarydong_11650102,busstation_30
155,districtboundarydong_11650102,busstation_31
156,districtboundarydong_11650102,busstation_33
157,districtboundarydong_11650102,busstation_57
158,districtboundarydong_11650102,busstation_187
159,districtboundarydong_11650102,busstation_188
160,districtboundarydong_11650102,busstation_189
161,districtboundarydong_11650102,busstation_190
162,districtboundarydong_11650102,busstation_191
163,districtboundarydong_11650102,busstation_192
164,districtboundarydong_11650102,busstation_205
165,districtboundarydong_11650102,busstation_206
166,districtboundarydong_11650102,busstation_207
167,districtboundarydong_11650102,busstation_208
168,districtboundarydong_11650102,busstation_209
169,districtboundarydong_11650102,busstation_210
170,districtboundarydong_11650102,busstation_211
171,districtboundarydong_11650102,busstation_212
172,districtboundarydong_11650102,busstation_213
173,districtboundarydong_11650102,busstation_214
174,districtboundarydong_11650102,busstation_215
175,districtboundarydong_11650102,busstation_216
176,districtboundarydong_11650102,busstation_217
177,districtboundarydong_11650102,busstation_219
178,districtboundarydong_11650102,busstation_220
179,districtboundarydong_11650102,busstation_221
180,districtboundarydong_11650102,busstation_222
181,districtboundarydong_11650102,busstation_223
182,districtboundarydong_11650102,busstation_224
183,districtboundarydong_11650102,busstation_281
184,districtboundarydong_11650102,busstation_309
185,districtboundarydong_11650102,busstation_315
186,districtboundarydong_11650102,busstation_318
187,districtboundarydong_11650102,busstation_325
188,districtboundarydong_11650102,busstation_328
189,districtboundarydong_11650102,busstation_329
190,districtboundarydong_11650102,busstation_336
191,districtboundarydong_11650102,busstation_347
192,districtboundarydong_11650102,busstation_365
193,districtboundarydong_11650102,busstation_377
194,districtboundarydong_11650102,busstation_393
195,districtboundarydong_11650102,busstation_404
196,districtboundarydong_11650102,busstation_414
197,districtboundarydong_11650102,busstation_417
198,districtboundarydong_11650102,busstation_441
199,districtboundarydong_11650102,busstation_442
200,districtboundarydong_11650102,busstation_475
201,districtboundarydong_11650102,busstation_477
202,districtboundarydong_11650102,busstation_489
203,districtboundarydong_11650102,busstation_493
204,districtboundarydong_11650102,busstation_507
205,districtboundarydong_11650102,busstation_511
206,districtboundarydong_11650102,busstation_516
207,districtboundarydong_11650102,busstation_520
208,districtboundarydong_11650102,busstation_525
209,districtboundarydong_11650102,busstation_529
210,districtboundarydong_11650102,busstation_534
211,districtboundarydong_11650102,busstation_538
212,districtboundarydong_11650102,busstation_545
213,districtboundarydong_11650102,busstation_551
214,districtboundarydong_11650102,busstation_553
215,districtboundarydong_11650102,busstation_560
216,districtboundarydong_11650102,busstation_561
217,districtboundarydong_11650102,busstation_566
218,districtboundarydong_11650102,busstation_571
219,districtboundarydong_11650102,busstation_601
220,districtboundarydong_11650102,busstation_612
221,districtboundarydong_11650102,busstation_622
222,districtboundarydong_11650102,busstation_623
223,districtboundarydong_11650102,busstation_625
224,districtboundarydong_11650102,busstation_626
225,districtboundarydong_11650102,busstation_628
226,districtboundarydong_11650102,busstation_629
227,districtboundarydong_11650102,busstation_630
228,districtboundarydong_11650102,busstation_631
229,districtboundarydong_11650102,busstation_648
230,districtboundarydong_11650102,busstation_649
231,districtboundarydong_11650102,busstation_650
232,districtboundarydong_11650102,busstation_651
233,districtboundarydong_11650102,busstation_654
234,districtboundarydong_11650103,busstation_193
235,districtboundarydong_11650103,busstation_194
236,districtboundarydong_11650103,busstation_195
237,districtboundarydong_11650103,busstation_196
238,districtboundarydong_11650103,busstation_197
239,districtboundarydong_11650103,busstation_198
240,districtboundarydong_11650103,busstation_199
241,districtboundarydong_11650103,busstation_200
242,districtboundarydong_11650103,busstation_201
243,districtboundarydong_11650103,busstation_202
244,districtboundarydong_11650103,busstation_203
245,districtboundarydong_11650103,busstation_204
246,districtboundarydong_11650103,busstation_259
247,districtboundarydong_11650103,busstation_273
248,districtboundarydong_11650103,busstation_317
249,districtboundarydong_11650103,busstation_357
250,districtboundarydong_11650103,busstation_370
251,districtboundarydong_11650103,busstation_383
252,districtboundarydong_11650103,busstation_455
253,districtboundarydong_11650103,busstation_456
254,districtboundarydong_11650103,busstation_457
255,districtboundarydong_11650103,busstation_458
256,districtboundarydong_11650103,busstation_459
257,districtboundarydong_11650103,busstation_461
258,districtboundarydong_11650103,busstation_463
259,districtboundarydong_11650103,busstation_464
260,districtboundarydong_11650103,busstation_469
261,districtboundarydong_11650103,busstation_470
262,districtboundarydong_11650103,busstation_472
263,districtboundarydong_11650103,busstation_478
264,districtboundarydong_11650103,busstation_480
265,districtboundarydong_11650103,busstation_481
266,districtboundarydong_11650103,busstation_482
267,districtboundarydong_11650103,busstation_498
268,districtboundarydong_11650103,busstation_577
269,districtboundarydong_11650103,busstation_587
270,districtboundarydong_11650103,busstation_589
271,districtboundarydong_11650103,busstation_594
272,districtboundarydong_11650103,busstation_646
273,districtboundarydong_11650103,busstation_647
274,districtboundarydong_11650103,busstation_658
275,districtboundarydong_11650104,busstation_28
276,districtboundarydong_11650104,busstation_29
277,districtboundarydong_11650104,busstation_32
278,districtboundarydong_11650104,busstation_227
279,districtboundarydong_11650104,busstation_233
280,districtboundarydong_11650104,busstation_234
281,districtboundarydong_11650104,busstation_235
282,districtboundarydong_11650106,busstation_11
283,districtboundarydong_11650106,busstation_12
284,districtboundarydong_11650106,busstation_14
285,districtboundarydong_11650106,busstation_107
286,districtboundarydong_11650106,busstation_108
287,districtboundarydong_11650106,busstation_109
288,districtboundarydong_11650106,busstation_110
289,districtboundarydong_11650106,busstation_111
290,districtboundarydong_11650106,busstation_112
291,districtboundarydong_11650106,busstation_113
292,districtboundarydong_11650106,busstation_114
293,districtboundarydong_11650106,busstation_115
294,districtboundarydong_11650106,busstation_116
295,districtboundarydong_11650106,busstation_117
296,districtboundarydong_11650106,busstation_118
297,districtboundarydong_11650106,busstation_130
298,districtboundarydong_11650106,busstation_131
299,districtboundarydong_11650106,busstation_132
300,districtboundarydong_11650106,busstation_133
301,districtboundarydong_11650106,busstation_134
302,districtboundarydong_11650106,busstation_279
303,districtboundarydong_11650106,busstation_300
304,districtboundarydong_11650106,busstation_412
305,districtboundarydong_11650106,busstation_421
306,districtboundarydong_11650106,busstation_427
307,districtboundarydong_11650106,busstation_435
308,districtboundarydong_11650106,busstation_445
309,districtboundarydong_11650106,busstation_449
310,districtboundarydong_11650106,busstation_483
311,districtboundarydong_11650106,busstation_486
312,districtboundarydong_11650106,busstation_492
313,districtboundarydong_11650106,busstation_495
314,districtboundarydong_11650106,busstation_503
315,districtboundarydong_11650106,busstation_505
316,districtboundarydong_11650106,busstation_574
317,districtboundarydong_11650106,busstation_635
318,districtboundarydong_11650106,busstation_637
319,districtboundarydong_11650107,busstation_10
320,districtboundarydong_11650107,busstation_13
321,districtboundarydong_11650107,busstation_15
322,districtboundarydong_11650107,busstation_16
323,districtboundarydong_11650107,busstation_17
324,districtboundarydong_11650107,busstation_18
325,districtboundarydong_11650107,busstation_19
326,districtboundarydong_11650107,busstation_95
327,districtboundarydong_11650107,busstation_119
328,districtboundarydong_11650107,busstation_120
329,districtboundarydong_11650107,busstation_121
330,districtboundarydong_11650107,busstation_122
331,districtboundarydong_11650107,busstation_123
332,districtboundarydong_11650107,busstation_124
333,districtboundarydong_11650107,busstation_125
334,districtboundarydong_11650107,busstation_126
335,districtboundarydong_11650107,busstation_127
336,districtboundarydong_11650107,busstation_128
337,districtboundarydong_11650107,busstation_129
338,districtboundarydong_11650107,busstation_135
339,districtboundarydong_11650107,busstation_136
340,districtboundarydong_11650107,busstation_137
341,districtboundarydong_11650107,busstation_138
342,districtboundarydong_11650107,busstation_139
343,districtboundarydong_11650107,busstation_140
344,districtboundarydong_11650107,busstation_141
345,districtboundarydong_11650107,busstation_142
346,districtboundarydong_11650107,busstation_143
347,districtboundarydong_11650107,busstation_253
348,districtboundarydong_11650107,busstation_277
349,districtboundarydong_11650107,busstation_278
350,districtboundarydong_11650107,busstation_292
351,districtboundarydong_11650107,busstation_299
352,districtboundarydong_11650107,busstation_323
353,districtboundarydong_11650107,busstation_334
354,districtboundarydong_11650107,busstation_339
355,districtboundarydong_11650107,busstation_345
356,districtboundarydong_11650107,busstation_350
357,districtboundarydong_11650107,busstation_356
358,districtboundarydong_11650107,busstation_359
359,districtboundarydong_11650107,busstation_363
360,districtboundarydong_11650107,busstation_364
361,districtboundarydong_11650107,busstation_367
362,districtboundarydong_11650107,busstation_368
363,districtboundarydong_11650107,busstation_373
364,districtboundarydong_11650107,busstation_375
365,districtboundarydong_11650107,busstation_380
366,districtboundarydong_11650107,busstation_386
367,districtboundarydong_11650107,busstation_388
368,districtboundarydong_11650107,busstation_391
369,districtboundarydong_11650107,busstation_395
370,districtboundarydong_11650107,busstation_397
371,districtboundarydong_11650107,busstation_401
372,districtboundarydong_11650107,busstation_402
373,districtboundarydong_11650107,busstation_405
374,districtboundarydong_11650107,busstation_406
375,districtboundarydong_11650107,busstation_407
376,districtboundarydong_11650107,busstation_411
377,districtboundarydong_11650107,busstation_416
378,districtboundarydong_11650107,busstation_424
379,districtboundarydong_11650107,busstation_429
380,districtboundarydong_11650107,busstation_430
381,districtboundarydong_11650107,busstation_444
382,districtboundarydong_11650107,busstation_465
383,districtboundarydong_11650107,busstation_509
384,districtboundarydong_11650107,busstation_510
385,districtboundarydong_11650107,busstation_513
386,districtboundarydong_11650107,busstation_521
387,districtboundarydong_11650107,busstation_558
388,districtboundarydong_11650107,busstation_559
389,districtboundarydong_11650107,busstation_584
390,districtboundarydong_11650107,busstation_585
391,districtboundarydong_11650107,busstation_591
392,districtboundarydong_11650107,busstation_592
393,districtboundarydong_11650107,busstation_595
394,districtboundarydong_11650107,busstation_596
395,districtboundarydong_11650107,busstation_605
396,districtboundarydong_11650107,busstation_616
397,districtboundarydong_11650107,busstation_618
398,districtboundarydong_11650107,busstation_634
399,districtboundarydong_11650107,busstation_636
400,districtboundarydong_11650107,busstation_638
401,districtboundarydong_11650107,busstation_639
402,districtboundarydong_11650107,busstation_640
403,districtboundarydong_11650107,busstation_644
404,districtboundarydong_11650108,busstation_6
405,districtboundarydong_11650108,busstation_7
406,districtboundarydong_11650108,busstation_8
407,districtboundarydong_11650108,busstation_9
408,districtboundarydong_11650108,busstation_20
409,districtboundarydong_11650108,busstation_34
410,districtboundarydong_11650108,busstation_35
411,districtboundarydong_11650108,busstation_36
412,districtboundarydong_11650108,busstation_37
413,districtboundarydong_11650108,busstation_38
414,districtboundarydong_11650108,busstation_39
415,districtboundarydong_11650108,busstation_40
416,districtboundarydong_11650108,busstation_41
417,districtboundarydong_11650108,busstation_42
418,districtboundarydong_11650108,busstation_43
419,districtboundarydong_11650108,busstation_44
420,districtboundarydong_11650108,busstation_45
421,districtboundarydong_11650108,busstation_46
422,districtboundarydong_11650108,busstation_47
423,districtboundarydong_11650108,busstation_48
424,districtboundarydong_11650108,busstation_50
425,districtboundarydong_11650108,busstation_51
426,districtboundarydong_11650108,busstation_52
427,districtboundarydong_11650108,busstation_53
428,districtboundarydong_11650108,busstation_54
429,districtboundarydong_11650108,busstation_55
430,districtboundarydong_11650108,busstation_56
431,districtboundarydong_11650108,busstation_58
432,districtboundarydong_11650108,busstation_59
433,districtboundarydong_11650108,busstation_60
434,districtboundarydong_11650108,busstation_61
435,districtboundarydong_11650108,busstation_62
436,districtboundarydong_11650108,busstation_63
437,districtboundarydong_11650108,busstation_64
438,districtboundarydong_11650108,busstation_65
439,districtboundarydong_11650108,busstation_66
440,districtboundarydong_11650108,busstation_67
441,districtboundarydong_11650108,busstation_68
442,districtboundarydong_11650108,busstation_69
443,districtboundarydong_11650108,busstation_70
444,districtboundarydong_11650108,busstation_71
445,districtboundarydong_11650108,busstation_72
446,districtboundarydong_11650108,busstation_73
447,districtboundarydong_11650108,busstation_74
448,districtboundarydong_11650108,busstation_75
449,districtboundarydong_11650108,busstation_76
450,districtboundarydong_11650108,busstation_77
451,districtboundarydong_11650108,busstation_78
452,districtboundarydong_11650108,busstation_79
453,districtboundarydong_11650108,busstation_80
454,districtboundarydong_11650108,busstation_81
455,districtboundarydong_11650108,busstation_82
456,districtboundarydong_11650108,busstation_84
457,districtboundarydong_11650108,busstation_85
458,districtboundarydong_11650108,busstation_86
459,districtboundarydong_11650108,busstation_87
460,districtboundarydong_11650108,busstation_88
461,districtboundarydong_11650108,busstation_89
462,districtboundarydong_11650108,busstation_90
463,districtboundarydong_11650108,busstation_91
464,districtboundarydong_11650108,busstation_92
465,districtboundarydong_11650108,busstation_93
466,districtboundarydong_11650108,busstation_94
467,districtboundarydong_11650108,busstation_96
468,districtboundarydong_11650108,busstation_97
469,districtboundarydong_11650108,busstation_98
470,districtboundarydong_11650108,busstation_99
471,districtboundarydong_11650108,busstation_100
472,districtboundarydong_11650108,busstation_101
473,districtboundarydong_11650108,busstation_102
474,districtboundarydong_11650108,busstation_103
475,districtboundarydong_11650108,busstation_104
476,districtboundarydong_11650108,busstation_105
477,districtboundarydong_11650108,busstation_106
478,districtboundarydong_11650108,busstation_184
479,districtboundarydong_11650108,busstation_254
480,districtboundarydong_11650108,busstation_258
481,districtboundarydong_11650108,busstation_260
482,districtboundarydong_11650108,busstation_271
483,districtboundarydong_11650108,busstation_274
484,districtboundarydong_11650108,busstation_276
485,districtboundarydong_11650108,busstation_295
486,districtboundarydong_11650108,busstation_301
487,districtboundarydong_11650108,busstation_302
488,districtboundarydong_11650108,busstation_303
489,districtboundarydong_11650108,busstation_304
490,districtboundarydong_11650108,busstation_305
491,districtboundarydong_11650108,busstation_306
492,districtboundarydong_11650108,busstation_307
493,districtboundarydong_11650108,busstation_308
494,districtboundarydong_11650108,busstation_312
495,districtboundarydong_11650108,busstation_322
496,districtboundarydong_11650108,busstation_327
497,districtboundarydong_11650108,busstation_333
498,districtboundarydong_11650108,busstation_338
499,districtboundarydong_11650108,busstation_344
500,districtboundarydong_11650108,busstation_351
501,districtboundarydong_11650108,busstation_355
502,districtboundarydong_11650108,busstation_369
503,districtboundarydong_11650108,busstation_379
504,districtboundarydong_11650108,busstation_382
505,districtboundarydong_11650108,busstation_396
506,districtboundarydong_11650108,busstation_403
507,districtboundarydong_11650108,busstation_413
508,districtboundarydong_11650108,busstation_415
509,districtboundarydong_11650108,busstation_420
510,districtboundarydong_11650108,busstation_422
511,districtboundarydong_11650108,busstation_425
512,districtboundarydong_11650108,busstation_436
513,districtboundarydong_11650108,busstation_437
514,districtboundarydong_11650108,busstation_438
515,districtboundarydong_11650108,busstation_440
516,districtboundarydong_11650108,busstation_447
517,districtboundarydong_11650108,busstation_450
518,districtboundarydong_11650108,busstation_451
519,districtboundarydong_11650108,busstation_454
520,districtboundarydong_11650108,busstation_466
521,districtboundarydong_11650108,busstation_467
522,districtboundarydong_11650108,busstation_468
523,districtboundarydong_11650108,busstation_473
524,districtboundarydong_11650108,busstation_474
525,districtboundarydong_11650108,busstation_476
526,districtboundarydong_11650108,busstation_484
527,districtboundarydong_11650108,busstation_487
528,districtboundarydong_11650108,busstation_488
529,districtboundarydong_11650108,busstation_491
530,districtboundarydong_11650108,busstation_494
531,districtboundarydong_11650108,busstation_496
532,districtboundarydong_11650108,busstation_497
533,districtboundarydong_11650108,busstation_501
534,districtboundarydong_11650108,busstation_504
535,districtboundarydong_11650108,busstation_506
536,districtboundarydong_11650108,busstation_508
537,districtboundarydong_11650108,busstation_512
538,districtboundarydong_11650108,busstation_515
539,districtboundarydong_11650108,busstation_518
540,districtboundarydong_11650108,busstation_519
541,districtboundarydong_11650108,busstation_523
542,districtboundarydong_11650108,busstation_524
543,districtboundarydong_11650108,busstation_527
544,districtboundarydong_11650108,busstation_528
545,districtboundarydong_11650108,busstation_531
546,districtboundarydong_11650108,busstation_532
547,districtboundarydong_11650108,busstation_533
548,districtboundarydong_11650108,busstation_535
549,districtboundarydong_11650108,busstation_537
550,districtboundarydong_11650108,busstation_539
551,districtboundarydong_11650108,busstation_540
552,districtboundarydong_11650108,busstation_541
553,districtboundarydong_11650108,busstation_542
554,districtboundarydong_11650108,busstation_544
555,districtboundarydong_11650108,busstation_546
556,districtboundarydong_11650108,busstation_547
557,districtboundarydong_11650108,busstation_550
558,districtboundarydong_11650108,busstation_552
559,districtboundarydong_11650108,busstation_556
560,districtboundarydong_11650108,busstation_562
561,districtboundarydong_11650108,busstation_563
562,districtboundarydong_11650108,busstation_564
563,districtboundarydong_11650108,busstation_576
564,districtboundarydong_11650108,busstation_579
565,districtboundarydong_11650108,busstation_581
566,districtboundarydong_11650108,busstation_582
567,districtboundarydong_11650108,busstation_586
568,districtboundarydong_11650108,busstation_593
569,districtboundarydong_11650108,busstation_598
570,districtboundarydong_11650108,busstation_602
571,districtboundarydong_11650108,busstation_607
572,districtboundarydong_11650108,busstation_609
573,districtboundarydong_11650108,busstation_610
574,districtboundarydong_11650108,busstation_613
575,districtboundarydong_11650108,busstation_614
576,districtboundarydong_11650108,busstation_617
577,districtboundarydong_11650108,busstation_619
578,districtboundarydong_11650108,busstation_620
579,districtboundarydong_11650108,busstation_621
580,districtboundarydong_11650108,busstation_632
581,districtboundarydong_11650108,busstation_633
582,districtboundarydong_11650108,busstation_641
583,districtboundarydong_11650108,busstation_642
584,districtboundarydong_11650108,busstation_643
585,districtboundarydong_11650108,busstation_652
586,districtboundarydong_11650108,busstation_653
587,districtboundarydong_11650108,busstation_655
588,districtboundarydong_11650108,busstation_656
589,districtboundarydong_11650108,busstation_657
590,districtboundarydong_11650109,busstation_49
591,districtboundarydong_11650109,busstation_244
592,districtboundarydong_11650109,busstation_245
593,districtboundarydong_11650109,busstation_246
594,districtboundarydong_11650109,busstation_247
595,districtboundarydong_11650109,busstation_248
596,districtboundarydong_11650109,busstation_249
597,districtboundarydong_11650109,busstation_250
598,districtboundarydong_11650109,busstation_251
599,districtboundarydong_11650109,busstation_252
600,districtboundarydong_11650109,busstation_256
601,districtboundarydong_11650109,busstation_264
602,districtboundarydong_11650109,busstation_265
603,districtboundarydong_11650109,busstation_266
604,districtboundarydong_11650109,busstation_280
605,districtboundarydong_11650109,busstation_293
606,districtboundarydong_11650109,busstation_294
607,districtboundarydong_11650109,busstation_314
608,districtboundarydong_11650109,busstation_324
609,districtboundarydong_11650109,busstation_335
610,districtboundarydong_11650109,busstation_346
611,districtboundarydong_11650109,busstation_374
612,districtboundarydong_11650109,busstation_376
613,districtboundarydong_11650109,busstation_381
614,districtboundarydong_11650109,busstation_387
615,districtboundarydong_11650109,busstation_389
616,districtboundarydong_11650109,busstation_392
617,districtboundarydong_11650109,busstation_462
618,districtboundarydong_11650109,busstation_580
619,districtboundarydong_11650110,busstation_218
620,districtboundarydong_11650110,busstation_240
621,districtboundarydong_11650110,busstation_241
622,districtboundarydong_11650110,busstation_242
623,districtboundarydong_11650110,busstation_243
624,districtboundarydong_11650110,busstation_261
625,districtboundarydong_11650110,busstation_262
626,districtboundarydong_11650110,busstation_263
627,districtboundarydong_11650110,busstation_270
628,districtboundarydong_11650110,busstation_272
629,districtboundarydong_11650110,busstation_275
630,districtboundarydong_11650111,busstation_27
631,districtboundarydong_11650111,busstation_225
632,districtboundarydong_11650111,busstation_226
633,districtboundarydong_11650111,busstation_228
634,districtboundarydong_11650111,busstation_229
635,districtboundarydong_11650111,busstation_230
636,districtboundarydong_11650111,busstation_231
637,districtboundarydong_11650111,busstation_232
638,districtboundarydong_11650111,busstation_236
639,districtboundarydong_11650111,busstation_237
640,districtboundarydong_11650111,busstation_238
641,districtboundarydong_11650111,busstation_239
642,districtboundarydong_11650111,busstation_296
643,districtboundarydong_11650111,busstation_297
644,districtboundarydong_11650111,busstation_298
645,districtboundarydong_11650111,busstation_408
646,districtboundarydong_11650111,busstation_431
647,districtboundarydong_11650111,busstation_446
648,districtboundarydong_11650111,busstation_452
649,districtboundarydong_11650111,busstation_460
650,districtboundarydong_11650111,busstation_567
651,districtboundarydong_11650111,busstation_568
