uuid,uuid_districtboundarydong,uuid_academy
0,districtboundarydong_11650101,academy_0
1,districtboundarydong_11650101,academy_4
2,districtboundarydong_11650101,academy_5
3,districtboundarydong_11650101,academy_7
4,districtboundarydong_11650101,academy_12
5,districtboundarydong_11650101,academy_15
6,districtboundarydong_11650101,academy_17
7,districtboundarydong_11650101,academy_20
8,districtboundarydong_11650101,academy_26
9,districtboundarydong_11650101,academy_30
10,districtboundarydong_11650101,academy_33
11,districtboundarydong_11650101,academy_38
12,districtboundarydong_11650101,academy_39
13,districtboundarydong_11650101,academy_53
14,districtboundarydong_11650101,academy_54
15,districtboundarydong_11650101,academy_59
16,districtboundarydong_11650101,academy_60
17,districtboundarydong_11650101,academy_64
18,districtboundarydong_11650101,academy_72
19,districtboundarydong_11650101,academy_80
20,districtboundarydong_11650101,academy_91
21,districtboundarydong_11650101,academy_92
22,districtboundarydong_11650101,academy_101
23,districtboundarydong_11650101,academy_104
24,districtboundarydong_11650101,academy_108
25,districtboundarydong_11650101,academy_111
26,districtboundarydong_11650101,academy_115
27,districtboundarydong_11650101,academy_120
28,districtboundarydong_11650101,academy_125
29,districtboundarydong_11650101,academy_130
30,districtboundarydong_11650101,academy_135
31,districtboundarydong_11650101,academy_139
32,districtboundarydong_11650101,academy_140
33,districtboundarydong_11650101,academy_141
34,districtboundarydong_11650101,academy_142
35,districtboundarydong_11650101,academy_146
36,districtboundarydong_11650101,academy_148
37,districtboundarydong_11650101,academy_152
38,districtboundarydong_11650101,academy_154
39,districtboundarydong_11650101,academy_166
40,districtboundarydong_11650101,academy_173
41,districtboundarydong_11650101,academy_181
42,districtboundarydong_11650101,academy_185
43,districtboundarydong_11650101,academy_186
44,districtboundarydong_11650101,academy_187
45,districtboundarydong_11650101,academy_188
46,districtboundarydong_11650101,academy_191
47,districtboundarydong_11650101,academy_197
48,districtboundarydong_11650101,academy_199
49,districtboundarydong_11650101,academy_202
50,districtboundarydong_11650101,academy_206
51,districtboundarydong_11650101,academy_218
52,districtboundarydong_11650101,academy_219
53,districtboundarydong_11650101,academy_220
54,districtboundarydong_11650101,academy_225
55,districtboundarydong_11650101,academy_229
56,districtboundarydong_11650101,academy_230
57,districtboundarydong_11650101,academy_231
58,districtboundarydong_11650101,academy_232
59,districtboundarydong_11650101,academy_235
60,districtboundarydong_11650101,academy_240
61,districtboundarydong_11650101,academy_243
62,districtboundarydong_11650101,academy_245
63,districtboundarydong_11650101,academy_247
64,districtboundarydong_11650101,academy_250
65,districtboundarydong_11650101,academy_257
66,districtboundarydong_11650101,academy_264
67,districtboundarydong_11650101,academy_272
68,districtboundarydong_11650101,academy_282
69,districtboundarydong_11650101,academy_286
70,districtboundarydong_11650101,academy_290
71,districtboundarydong_11650101,academy_292
72,districtboundarydong_11650101,academy_294
73,districtboundarydong_11650101,academy_299
74,districtboundarydong_11650101,academy_302
75,districtboundarydong_11650101,academy_304
76,districtboundarydong_11650101,academy_306
77,districtboundarydong_11650101,academy_308
78,districtboundarydong_11650101,academy_309
79,districtboundarydong_11650101,academy_310
80,districtboundarydong_11650101,academy_314
81,districtboundarydong_11650101,academy_315
82,districtboundarydong_11650101,academy_316
83,districtboundarydong_11650101,academy_319
84,districtboundarydong_11650101,academy_323
85,districtboundarydong_11650101,academy_324
86,districtboundarydong_11650101,academy_326
87,districtboundarydong_11650101,academy_329
88,districtboundarydong_11650101,academy_339
89,districtboundarydong_11650101,academy_345
90,districtboundarydong_11650101,academy_348
91,districtboundarydong_11650101,academy_354
92,districtboundarydong_11650101,academy_357
93,districtboundarydong_11650101,academy_359
94,districtboundarydong_11650101,academy_362
95,districtboundarydong_11650101,academy_368
96,districtboundarydong_11650101,academy_369
97,districtboundarydong_11650101,academy_372
98,districtboundarydong_11650101,academy_376
99,districtboundarydong_11650101,academy_380
100,districtboundarydong_11650101,academy_384
101,districtboundarydong_11650101,academy_389
102,districtboundarydong_11650101,academy_392
103,districtboundarydong_11650101,academy_394
104,districtboundarydong_11650101,academy_396
105,districtboundarydong_11650101,academy_409
106,districtboundarydong_11650101,academy_411
107,districtboundarydong_11650101,academy_412
108,districtboundarydong_11650101,academy_413
109,districtboundarydong_11650101,academy_414
110,districtboundarydong_11650101,academy_417
111,districtboundarydong_11650101,academy_419
112,districtboundarydong_11650101,academy_422
113,districtboundarydong_11650101,academy_424
114,districtboundarydong_11650101,academy_425
115,districtboundarydong_11650101,academy_426
116,districtboundarydong_11650101,academy_427
117,districtboundarydong_11650101,academy_433
118,districtboundarydong_11650101,academy_439
119,districtboundarydong_11650101,academy_440
120,districtboundarydong_11650101,academy_441
121,districtboundarydong_11650101,academy_444
122,districtboundarydong_11650101,academy_450
123,districtboundarydong_11650101,academy_454
124,districtboundarydong_11650101,academy_462
125,districtboundarydong_11650101,academy_466
126,districtboundarydong_11650101,academy_468
127,districtboundarydong_11650101,academy_470
128,districtboundarydong_11650101,academy_474
129,districtboundarydong_11650101,academy_478
130,districtboundarydong_11650101,academy_479
131,districtboundarydong_11650101,academy_481
132,districtboundarydong_11650101,academy_484
133,districtboundarydong_11650101,academy_489
134,districtboundarydong_11650101,academy_499
135,districtboundarydong_11650101,academy_506
136,districtboundarydong_11650101,academy_508
137,districtboundarydong_11650101,academy_513
138,districtboundarydong_11650101,academy_517
139,districtboundarydong_11650101,academy_520
140,districtboundarydong_11650101,academy_525
141,districtboundarydong_11650101,academy_535
142,districtboundarydong_11650101,academy_538
143,districtboundarydong_11650101,academy_539
144,districtboundarydong_11650101,academy_545
145,districtboundarydong_11650101,academy_546
146,districtboundarydong_11650101,academy_549
147,districtboundarydong_11650101,academy_552
148,districtboundarydong_11650101,academy_553
149,districtboundarydong_11650101,academy_555
150,districtboundarydong_11650101,academy_561
151,districtboundarydong_11650101,academy_572
152,districtboundarydong_11650101,academy_578
153,districtboundarydong_11650101,academy_593
154,districtboundarydong_11650101,academy_594
155,districtboundarydong_11650101,academy_601
156,districtboundarydong_11650101,academy_606
157,districtboundarydong_11650101,academy_610
158,districtboundarydong_11650101,academy_621
159,districtboundarydong_11650101,academy_628
160,districtboundarydong_11650101,academy_634
161,districtboundarydong_11650101,academy_642
162,districtboundarydong_11650101,academy_644
163,districtboundarydong_11650101,academy_645
164,districtboundarydong_11650101,academy_646
165,districtboundarydong_11650101,academy_648
166,districtboundarydong_11650101,academy_650
167,districtboundarydong_11650101,academy_660
168,districtboundarydong_11650101,academy_663
169,districtboundarydong_11650101,academy_672
170,districtboundarydong_11650101,academy_683
171,districtboundarydong_11650101,academy_689
172,districtboundarydong_11650101,academy_690
173,districtboundarydong_11650101,academy_699
174,districtboundarydong_11650101,academy_702
175,districtboundarydong_11650101,academy_707
176,districtboundarydong_11650101,academy_719
177,districtboundarydong_11650101,academy_720
178,districtboundarydong_11650101,academy_726
179,districtboundarydong_11650101,academy_731
180,districtboundarydong_11650101,academy_735
181,districtboundarydong_11650101,academy_736
182,districtboundarydong_11650101,academy_737
183,districtboundarydong_11650101,academy_742
184,districtboundarydong_11650101,academy_743
185,districtboundarydong_11650101,academy_769
186,districtboundarydong_11650101,academy_774
187,districtboundarydong_11650101,academy_784
188,districtboundarydong_11650101,academy_785
189,districtboundarydong_11650101,academy_791
190,districtboundarydong_11650101,academy_801
191,districtboundarydong_11650101,academy_810
192,districtboundarydong_11650101,academy_811
193,districtboundarydong_11650101,academy_817
194,districtboundarydong_11650101,academy_821
195,districtboundarydong_11650101,academy_824
196,districtboundarydong_11650101,academy_825
197,districtboundarydong_11650101,academy_829
198,districtboundarydong_11650101,academy_830
199,districtboundarydong_11650101,academy_833
200,districtboundarydong_11650101,academy_840
201,districtboundarydong_11650101,academy_843
202,districtboundarydong_11650101,academy_845
203,districtboundarydong_11650101,academy_846
204,districtboundarydong_11650101,academy_851
205,districtboundarydong_11650101,academy_859
206,districtboundarydong_11650101,academy_864
207,districtboundarydong_11650101,academy_895
208,districtboundarydong_11650101,academy_897
209,districtboundarydong_11650101,academy_898
210,districtboundarydong_11650101,academy_900
211,districtboundarydong_11650101,academy_903
212,districtboundarydong_11650101,academy_905
213,districtboundarydong_11650101,academy_909
214,districtboundarydong_11650101,academy_917
215,districtboundarydong_11650101,academy_928
216,districtboundarydong_11650101,academy_931
217,districtboundarydong_11650101,academy_936
218,districtboundarydong_11650101,academy_942
219,districtboundarydong_11650101,academy_947
220,districtboundarydong_11650101,academy_955
221,districtboundarydong_11650101,academy_956
222,districtboundarydong_11650101,academy_962
223,districtboundarydong_11650101,academy_975
224,districtboundarydong_11650101,academy_979
225,districtboundarydong_11650101,academy_988
226,districtboundarydong_11650101,academy_994
227,districtboundarydong_11650101,academy_996
228,districtboundarydong_11650101,academy_1003
229,districtboundarydong_11650101,academy_1007
230,districtboundarydong_11650101,academy_1014
231,districtboundarydong_11650101,academy_1020
232,districtboundarydong_11650101,academy_1021
233,districtboundarydong_11650101,academy_1022
234,districtboundarydong_11650101,academy_1023
235,districtboundarydong_11650101,academy_1024
236,districtboundarydong_11650101,academy_1031
237,districtboundarydong_11650101,academy_1039
238,districtboundarydong_11650101,academy_1040
239,districtboundarydong_11650101,academy_1042
240,districtboundarydong_11650101,academy_1044
241,districtboundarydong_11650101,academy_1045
242,districtboundarydong_11650101,academy_1047
243,districtboundarydong_11650101,academy_1048
244,districtboundarydong_11650101,academy_1050
245,districtboundarydong_11650101,academy_1052
246,districtboundarydong_11650101,academy_1059
247,districtboundarydong_11650101,academy_1061
248,districtboundarydong_11650101,academy_1066
249,districtboundarydong_11650101,academy_1068
250,districtboundarydong_11650101,academy_1069
251,districtboundarydong_11650101,academy_1080
252,districtboundarydong_11650101,academy_1084
253,districtboundarydong_11650101,academy_1087
254,districtboundarydong_11650101,academy_1089
255,districtboundarydong_11650101,academy_1091
256,districtboundarydong_11650101,academy_1096
257,districtboundarydong_11650101,academy_1097
258,districtboundarydong_11650101,academy_1098
259,districtboundarydong_11650101,academy_1101
260,districtboundarydong_11650101,academy_1107
261,districtboundarydong_11650101,academy_1113
262,districtboundarydong_11650101,academy_1115
263,districtboundarydong_11650101,academy_1120
264,districtboundarydong_11650101,academy_1124
265,districtboundarydong_11650101,academy_1130
266,districtboundarydong_11650101,academy_1133
267,districtboundarydong_11650101,academy_1139
268,districtboundarydong_11650101,academy_1142
269,districtboundarydong_11650101,academy_1144
270,districtboundarydong_11650101,academy_1147
271,districtboundarydong_11650101,academy_1156
272,districtboundarydong_11650101,academy_1163
273,districtboundarydong_11650101,academy_1167
274,districtboundarydong_11650101,academy_1175
275,districtboundarydong_11650101,academy_1182
276,districtboundarydong_11650101,academy_1185
277,districtboundarydong_11650101,academy_1186
278,districtboundarydong_11650101,academy_1199
279,districtboundarydong_11650101,academy_1202
280,districtboundarydong_11650101,academy_1220
281,districtboundarydong_11650101,academy_1229
282,districtboundarydong_11650101,academy_1236
283,districtboundarydong_11650101,academy_1237
284,districtboundarydong_11650101,academy_1240
285,districtboundarydong_11650101,academy_1250
286,districtboundarydong_11650101,academy_1251
287,districtboundarydong_11650101,academy_1254
288,districtboundarydong_11650101,academy_1258
289,districtboundarydong_11650101,academy_1259
290,districtboundarydong_11650101,academy_1260
291,districtboundarydong_11650101,academy_1261
292,districtboundarydong_11650101,academy_1264
293,districtboundarydong_11650101,academy_1265
294,districtboundarydong_11650101,academy_1270
295,districtboundarydong_11650101,academy_1273
296,districtboundarydong_11650101,academy_1286
297,districtboundarydong_11650101,academy_1291
298,districtboundarydong_11650101,academy_1293
299,districtboundarydong_11650101,academy_1299
300,districtboundarydong_11650101,academy_1300
301,districtboundarydong_11650101,academy_1312
302,districtboundarydong_11650101,academy_1320
303,districtboundarydong_11650101,academy_1324
304,districtboundarydong_11650101,academy_1325
305,districtboundarydong_11650101,academy_1332
306,districtboundarydong_11650101,academy_1338
307,districtboundarydong_11650101,academy_1340
308,districtboundarydong_11650101,academy_1357
309,districtboundarydong_11650101,academy_1368
310,districtboundarydong_11650101,academy_1370
311,districtboundarydong_11650101,academy_1376
312,districtboundarydong_11650101,academy_1393
313,districtboundarydong_11650101,academy_1398
314,districtboundarydong_11650101,academy_1399
315,districtboundarydong_11650101,academy_1402
316,districtboundarydong_11650101,academy_1404
317,districtboundarydong_11650101,academy_1407
318,districtboundarydong_11650101,academy_1413
319,districtboundarydong_11650101,academy_1418
320,districtboundarydong_11650101,academy_1423
321,districtboundarydong_11650101,academy_1432
322,districtboundarydong_11650101,academy_1434
323,districtboundarydong_11650101,academy_1447
324,districtboundarydong_11650101,academy_1449
325,districtboundarydong_11650101,academy_1450
326,districtboundarydong_11650101,academy_1451
327,districtboundarydong_11650101,academy_1452
328,districtboundarydong_11650101,academy_1462
329,districtboundarydong_11650101,academy_1468
330,districtboundarydong_11650101,academy_1469
331,districtboundarydong_11650101,academy_1474
332,districtboundarydong_11650101,academy_1477
333,districtboundarydong_11650101,academy_1478
334,districtboundarydong_11650101,academy_1480
335,districtboundarydong_11650101,academy_1486
336,districtboundarydong_11650101,academy_1488
337,districtboundarydong_11650101,academy_1493
338,districtboundarydong_11650101,academy_1495
339,districtboundarydong_11650101,academy_1508
340,districtboundarydong_11650101,academy_1511
341,districtboundarydong_11650101,academy_1515
342,districtboundarydong_11650101,academy_1517
343,districtboundarydong_11650101,academy_1519
344,districtboundarydong_11650101,academy_1524
345,districtboundarydong_11650101,academy_1529
346,districtboundarydong_11650101,academy_1533
347,districtboundarydong_11650101,academy_1536
348,districtboundarydong_11650101,academy_1538
349,districtboundarydong_11650101,academy_1539
350,districtboundarydong_11650101,academy_1541
351,districtboundarydong_11650101,academy_1544
352,districtboundarydong_11650101,academy_1546
353,districtboundarydong_11650101,academy_1547
354,districtboundarydong_11650101,academy_1548
355,districtboundarydong_11650101,academy_1552
356,districtboundarydong_11650101,academy_1554
357,districtboundarydong_11650101,academy_1562
358,districtboundarydong_11650101,academy_1570
359,districtboundarydong_11650101,academy_1577
360,districtboundarydong_11650101,academy_1581
361,districtboundarydong_11650101,academy_1590
362,districtboundarydong_11650101,academy_1593
363,districtboundarydong_11650101,academy_1598
364,districtboundarydong_11650101,academy_1606
365,districtboundarydong_11650101,academy_1611
366,districtboundarydong_11650101,academy_1619
367,districtboundarydong_11650101,academy_1620
368,districtboundarydong_11650101,academy_1622
369,districtboundarydong_11650101,academy_1623
370,districtboundarydong_11650101,academy_1629
371,districtboundarydong_11650101,academy_1641
372,districtboundarydong_11650101,academy_1654
373,districtboundarydong_11650101,academy_1668
374,districtboundarydong_11650101,academy_1670
375,districtboundarydong_11650101,academy_1682
376,districtboundarydong_11650101,academy_1693
377,districtboundarydong_11650101,academy_1697
378,districtboundarydong_11650101,academy_1700
379,districtboundarydong_11650101,academy_1703
380,districtboundarydong_11650101,academy_1704
381,districtboundarydong_11650101,academy_1705
382,districtboundarydong_11650101,academy_1706
383,districtboundarydong_11650101,academy_1712
384,districtboundarydong_11650101,academy_1716
385,districtboundarydong_11650101,academy_1717
386,districtboundarydong_11650101,academy_1720
387,districtboundarydong_11650101,academy_1721
388,districtboundarydong_11650101,academy_1728
389,districtboundarydong_11650101,academy_1731
390,districtboundarydong_11650101,academy_1732
391,districtboundarydong_11650101,academy_1739
392,districtboundarydong_11650101,academy_1742
393,districtboundarydong_11650101,academy_1743
394,districtboundarydong_11650101,academy_1744
395,districtboundarydong_11650101,academy_1748
396,districtboundarydong_11650101,academy_1754
397,districtboundarydong_11650101,academy_1763
398,districtboundarydong_11650101,academy_1768
399,districtboundarydong_11650101,academy_1769
400,districtboundarydong_11650101,academy_1782
401,districtboundarydong_11650101,academy_1784
402,districtboundarydong_11650101,academy_1788
403,districtboundarydong_11650101,academy_1790
404,districtboundarydong_11650101,academy_1791
405,districtboundarydong_11650101,academy_1795
406,districtboundarydong_11650101,academy_1797
407,districtboundarydong_11650101,academy_1800
408,districtboundarydong_11650101,academy_1802
409,districtboundarydong_11650101,academy_1813
410,districtboundarydong_11650101,academy_1816
411,districtboundarydong_11650101,academy_1829
412,districtboundarydong_11650101,academy_1831
413,districtboundarydong_11650101,academy_1833
414,districtboundarydong_11650101,academy_1845
415,districtboundarydong_11650101,academy_1846
416,districtboundarydong_11650101,academy_1847
417,districtboundarydong_11650101,academy_1848
418,districtboundarydong_11650101,academy_1849
419,districtboundarydong_11650101,academy_1850
420,districtboundarydong_11650101,academy_1856
421,districtboundarydong_11650101,academy_1857
422,districtboundarydong_11650101,academy_1863
423,districtboundarydong_11650101,academy_1864
424,districtboundarydong_11650101,academy_1869
425,districtboundarydong_11650101,academy_1880
426,districtboundarydong_11650101,academy_1883
427,districtboundarydong_11650101,academy_1890
428,districtboundarydong_11650101,academy_1893
429,districtboundarydong_11650101,academy_1894
430,districtboundarydong_11650101,academy_1897
431,districtboundarydong_11650101,academy_1909
432,districtboundarydong_11650101,academy_1912
433,districtboundarydong_11650101,academy_1915
434,districtboundarydong_11650101,academy_1924
435,districtboundarydong_11650101,academy_1926
436,districtboundarydong_11650102,academy_8
437,districtboundarydong_11650102,academy_21
438,districtboundarydong_11650102,academy_24
439,districtboundarydong_11650102,academy_29
440,districtboundarydong_11650102,academy_40
441,districtboundarydong_11650102,academy_79
442,districtboundarydong_11650102,academy_114
443,districtboundarydong_11650102,academy_122
444,districtboundarydong_11650102,academy_123
445,districtboundarydong_11650102,academy_128
446,districtboundarydong_11650102,academy_145
447,districtboundarydong_11650102,academy_157
448,districtboundarydong_11650102,academy_159
449,districtboundarydong_11650102,academy_169
450,districtboundarydong_11650102,academy_184
451,districtboundarydong_11650102,academy_195
452,districtboundarydong_11650102,academy_198
453,districtboundarydong_11650102,academy_201
454,districtboundarydong_11650102,academy_260
455,districtboundarydong_11650102,academy_283
456,districtboundarydong_11650102,academy_317
457,districtboundarydong_11650102,academy_325
458,districtboundarydong_11650102,academy_352
459,districtboundarydong_11650102,academy_363
460,districtboundarydong_11650102,academy_366
461,districtboundarydong_11650102,academy_367
462,districtboundarydong_11650102,academy_375
463,districtboundarydong_11650102,academy_402
464,districtboundarydong_11650102,academy_410
465,districtboundarydong_11650102,academy_415
466,districtboundarydong_11650102,academy_418
467,districtboundarydong_11650102,academy_442
468,districtboundarydong_11650102,academy_448
469,districtboundarydong_11650102,academy_459
470,districtboundarydong_11650102,academy_467
471,districtboundarydong_11650102,academy_472
472,districtboundarydong_11650102,academy_488
473,districtboundarydong_11650102,academy_526
474,districtboundarydong_11650102,academy_550
475,districtboundarydong_11650102,academy_551
476,districtboundarydong_11650102,academy_560
477,districtboundarydong_11650102,academy_583
478,districtboundarydong_11650102,academy_587
479,districtboundarydong_11650102,academy_604
480,districtboundarydong_11650102,academy_626
481,districtboundarydong_11650102,academy_640
482,districtboundarydong_11650102,academy_641
483,districtboundarydong_11650102,academy_679
484,districtboundarydong_11650102,academy_687
485,districtboundarydong_11650102,academy_696
486,districtboundarydong_11650102,academy_714
487,districtboundarydong_11650102,academy_745
488,districtboundarydong_11650102,academy_746
489,districtboundarydong_11650102,academy_753
490,districtboundarydong_11650102,academy_760
491,districtboundarydong_11650102,academy_793
492,districtboundarydong_11650102,academy_809
493,districtboundarydong_11650102,academy_837
494,districtboundarydong_11650102,academy_841
495,districtboundarydong_11650102,academy_858
496,districtboundarydong_11650102,academy_890
497,districtboundarydong_11650102,academy_913
498,districtboundarydong_11650102,academy_958
499,districtboundarydong_11650102,academy_986
500,districtboundarydong_11650102,academy_1010
501,districtboundarydong_11650102,academy_1018
502,districtboundarydong_11650102,academy_1056
503,districtboundarydong_11650102,academy_1136
504,districtboundarydong_11650102,academy_1143
505,districtboundarydong_11650102,academy_1169
506,districtboundarydong_11650102,academy_1195
507,districtboundarydong_11650102,academy_1215
508,districtboundarydong_11650102,academy_1216
509,districtboundarydong_11650102,academy_1219
510,districtboundarydong_11650102,academy_1222
511,districtboundarydong_11650102,academy_1263
512,districtboundarydong_11650102,academy_1266
513,districtboundarydong_11650102,academy_1268
514,districtboundarydong_11650102,academy_1302
515,districtboundarydong_11650102,academy_1397
516,districtboundarydong_11650102,academy_1421
517,districtboundarydong_11650102,academy_1466
518,districtboundarydong_11650102,academy_1467
519,districtboundarydong_11650102,academy_1482
520,districtboundarydong_11650102,academy_1484
521,districtboundarydong_11650102,academy_1492
522,districtboundarydong_11650102,academy_1503
523,districtboundarydong_11650102,academy_1556
524,districtboundarydong_11650102,academy_1578
525,districtboundarydong_11650102,academy_1585
526,districtboundarydong_11650102,academy_1624
527,districtboundarydong_11650102,academy_1635
528,districtboundarydong_11650102,academy_1642
529,districtboundarydong_11650102,academy_1648
530,districtboundarydong_11650102,academy_1655
531,districtboundarydong_11650102,academy_1657
532,districtboundarydong_11650102,academy_1707
533,districtboundarydong_11650102,academy_1734
534,districtboundarydong_11650102,academy_1737
535,districtboundarydong_11650102,academy_1741
536,districtboundarydong_11650102,academy_1755
537,districtboundarydong_11650102,academy_1756
538,districtboundarydong_11650102,academy_1767
539,districtboundarydong_11650102,academy_1781
540,districtboundarydong_11650102,academy_1803
541,districtboundarydong_11650102,academy_1823
542,districtboundarydong_11650102,academy_1827
543,districtboundarydong_11650102,academy_1836
544,districtboundarydong_11650102,academy_1871
545,districtboundarydong_11650102,academy_1899
546,districtboundarydong_11650102,academy_1916
547,districtboundarydong_11650103,academy_31
548,districtboundarydong_11650103,academy_32
549,districtboundarydong_11650103,academy_41
550,districtboundarydong_11650103,academy_205
551,districtboundarydong_11650103,academy_211
552,districtboundarydong_11650103,academy_239
553,districtboundarydong_11650103,academy_268
554,districtboundarydong_11650103,academy_313
555,districtboundarydong_11650103,academy_457
556,districtboundarydong_11650103,academy_511
557,districtboundarydong_11650103,academy_512
558,districtboundarydong_11650103,academy_529
559,districtboundarydong_11650103,academy_534
560,districtboundarydong_11650103,academy_537
561,districtboundarydong_11650103,academy_541
562,districtboundarydong_11650103,academy_590
563,districtboundarydong_11650103,academy_591
564,districtboundarydong_11650103,academy_624
565,districtboundarydong_11650103,academy_633
566,districtboundarydong_11650103,academy_636
567,districtboundarydong_11650103,academy_691
568,districtboundarydong_11650103,academy_730
569,districtboundarydong_11650103,academy_734
570,districtboundarydong_11650103,academy_763
571,districtboundarydong_11650103,academy_766
572,districtboundarydong_11650103,academy_779
573,districtboundarydong_11650103,academy_814
574,districtboundarydong_11650103,academy_847
575,districtboundarydong_11650103,academy_849
576,districtboundarydong_11650103,academy_868
577,districtboundarydong_11650103,academy_869
578,districtboundarydong_11650103,academy_881
579,districtboundarydong_11650103,academy_952
580,districtboundarydong_11650103,academy_978
581,districtboundarydong_11650103,academy_1004
582,districtboundarydong_11650103,academy_1008
583,districtboundarydong_11650103,academy_1016
584,districtboundarydong_11650103,academy_1019
585,districtboundarydong_11650103,academy_1026
586,districtboundarydong_11650103,academy_1027
587,districtboundarydong_11650103,academy_1029
588,districtboundarydong_11650103,academy_1046
589,districtboundarydong_11650103,academy_1076
590,districtboundarydong_11650103,academy_1085
591,districtboundarydong_11650103,academy_1110
592,districtboundarydong_11650103,academy_1128
593,districtboundarydong_11650103,academy_1149
594,districtboundarydong_11650103,academy_1160
595,districtboundarydong_11650103,academy_1180
596,districtboundarydong_11650103,academy_1201
597,districtboundarydong_11650103,academy_1212
598,districtboundarydong_11650103,academy_1319
599,districtboundarydong_11650103,academy_1334
600,districtboundarydong_11650103,academy_1343
601,districtboundarydong_11650103,academy_1344
602,districtboundarydong_11650103,academy_1378
603,districtboundarydong_11650103,academy_1396
604,districtboundarydong_11650103,academy_1417
605,districtboundarydong_11650103,academy_1427
606,districtboundarydong_11650103,academy_1428
607,districtboundarydong_11650103,academy_1443
608,districtboundarydong_11650103,academy_1479
609,districtboundarydong_11650103,academy_1487
610,districtboundarydong_11650103,academy_1506
611,districtboundarydong_11650103,academy_1509
612,districtboundarydong_11650103,academy_1566
613,districtboundarydong_11650103,academy_1583
614,districtboundarydong_11650103,academy_1588
615,districtboundarydong_11650103,academy_1687
616,districtboundarydong_11650103,academy_1695
617,districtboundarydong_11650103,academy_1709
618,districtboundarydong_11650103,academy_1761
619,districtboundarydong_11650103,academy_1879
620,districtboundarydong_11650104,academy_
621,districtboundarydong_11650106,academy_2
622,districtboundarydong_11650106,academy_6
623,districtboundarydong_11650106,academy_10
624,districtboundarydong_11650106,academy_11
625,districtboundarydong_11650106,academy_16
626,districtboundarydong_11650106,academy_27
627,districtboundarydong_11650106,academy_37
628,districtboundarydong_11650106,academy_43
629,districtboundarydong_11650106,academy_56
630,districtboundarydong_11650106,academy_66
631,districtboundarydong_11650106,academy_68
632,districtboundarydong_11650106,academy_71
633,districtboundarydong_11650106,academy_75
634,districtboundarydong_11650106,academy_82
635,districtboundarydong_11650106,academy_83
636,districtboundarydong_11650106,academy_84
637,districtboundarydong_11650106,academy_85
638,districtboundarydong_11650106,academy_94
639,districtboundarydong_11650106,academy_99
640,districtboundarydong_11650106,academy_100
641,districtboundarydong_11650106,academy_107
642,districtboundarydong_11650106,academy_109
643,districtboundarydong_11650106,academy_110
644,districtboundarydong_11650106,academy_113
645,districtboundarydong_11650106,academy_124
646,districtboundarydong_11650106,academy_149
647,districtboundarydong_11650106,academy_151
648,districtboundarydong_11650106,academy_162
649,districtboundarydong_11650106,academy_167
650,districtboundarydong_11650106,academy_177
651,districtboundarydong_11650106,academy_178
652,districtboundarydong_11650106,academy_179
653,districtboundarydong_11650106,academy_180
654,districtboundarydong_11650106,academy_182
655,districtboundarydong_11650106,academy_183
656,districtboundarydong_11650106,academy_196
657,districtboundarydong_11650106,academy_203
658,districtboundarydong_11650106,academy_213
659,districtboundarydong_11650106,academy_216
660,districtboundarydong_11650106,academy_237
661,districtboundarydong_11650106,academy_241
662,districtboundarydong_11650106,academy_242
663,districtboundarydong_11650106,academy_254
664,districtboundarydong_11650106,academy_259
665,districtboundarydong_11650106,academy_281
666,districtboundarydong_11650106,academy_284
667,districtboundarydong_11650106,academy_295
668,districtboundarydong_11650106,academy_296
669,districtboundarydong_11650106,academy_297
670,districtboundarydong_11650106,academy_311
671,districtboundarydong_11650106,academy_328
672,districtboundarydong_11650106,academy_338
673,districtboundarydong_11650106,academy_342
674,districtboundarydong_11650106,academy_343
675,districtboundarydong_11650106,academy_344
676,districtboundarydong_11650106,academy_347
677,districtboundarydong_11650106,academy_356
678,districtboundarydong_11650106,academy_373
679,districtboundarydong_11650106,academy_383
680,districtboundarydong_11650106,academy_385
681,districtboundarydong_11650106,academy_387
682,districtboundarydong_11650106,academy_405
683,districtboundarydong_11650106,academy_423
684,districtboundarydong_11650106,academy_430
685,districtboundarydong_11650106,academy_449
686,districtboundarydong_11650106,academy_452
687,districtboundarydong_11650106,academy_455
688,districtboundarydong_11650106,academy_458
689,districtboundarydong_11650106,academy_460
690,districtboundarydong_11650106,academy_465
691,districtboundarydong_11650106,academy_485
692,districtboundarydong_11650106,academy_494
693,districtboundarydong_11650106,academy_497
694,districtboundarydong_11650106,academy_501
695,districtboundarydong_11650106,academy_503
696,districtboundarydong_11650106,academy_505
697,districtboundarydong_11650106,academy_518
698,districtboundarydong_11650106,academy_519
699,districtboundarydong_11650106,academy_523
700,districtboundarydong_11650106,academy_524
701,districtboundarydong_11650106,academy_531
702,districtboundarydong_11650106,academy_532
703,districtboundarydong_11650106,academy_558
704,districtboundarydong_11650106,academy_570
705,districtboundarydong_11650106,academy_596
706,districtboundarydong_11650106,academy_609
707,districtboundarydong_11650106,academy_617
708,districtboundarydong_11650106,academy_619
709,districtboundarydong_11650106,academy_620
710,districtboundarydong_11650106,academy_622
711,districtboundarydong_11650106,academy_629
712,districtboundarydong_11650106,academy_658
713,districtboundarydong_11650106,academy_659
714,districtboundarydong_11650106,academy_665
715,districtboundarydong_11650106,academy_681
716,districtboundarydong_11650106,academy_686
717,districtboundarydong_11650106,academy_692
718,districtboundarydong_11650106,academy_700
719,districtboundarydong_11650106,academy_710
720,districtboundarydong_11650106,academy_711
721,districtboundarydong_11650106,academy_740
722,districtboundarydong_11650106,academy_751
723,districtboundarydong_11650106,academy_757
724,districtboundarydong_11650106,academy_770
725,districtboundarydong_11650106,academy_777
726,districtboundarydong_11650106,academy_783
727,districtboundarydong_11650106,academy_787
728,districtboundarydong_11650106,academy_789
729,districtboundarydong_11650106,academy_790
730,districtboundarydong_11650106,academy_792
731,districtboundarydong_11650106,academy_795
732,districtboundarydong_11650106,academy_796
733,districtboundarydong_11650106,academy_800
734,districtboundarydong_11650106,academy_807
735,districtboundarydong_11650106,academy_820
736,districtboundarydong_11650106,academy_822
737,districtboundarydong_11650106,academy_823
738,districtboundarydong_11650106,academy_826
739,districtboundarydong_11650106,academy_831
740,districtboundarydong_11650106,academy_835
741,districtboundarydong_11650106,academy_842
742,districtboundarydong_11650106,academy_848
743,districtboundarydong_11650106,academy_852
744,districtboundarydong_11650106,academy_857
745,districtboundarydong_11650106,academy_860
746,districtboundarydong_11650106,academy_870
747,districtboundarydong_11650106,academy_871
748,districtboundarydong_11650106,academy_886
749,districtboundarydong_11650106,academy_888
750,districtboundarydong_11650106,academy_891
751,districtboundarydong_11650106,academy_899
752,districtboundarydong_11650106,academy_901
753,districtboundarydong_11650106,academy_914
754,districtboundarydong_11650106,academy_918
755,districtboundarydong_11650106,academy_919
756,districtboundarydong_11650106,academy_920
757,districtboundarydong_11650106,academy_922
758,districtboundarydong_11650106,academy_924
759,districtboundarydong_11650106,academy_925
760,districtboundarydong_11650106,academy_937
761,districtboundarydong_11650106,academy_943
762,districtboundarydong_11650106,academy_944
763,districtboundarydong_11650106,academy_949
764,districtboundarydong_11650106,academy_964
765,districtboundarydong_11650106,academy_965
766,districtboundarydong_11650106,academy_966
767,districtboundarydong_11650106,academy_971
768,districtboundarydong_11650106,academy_980
769,districtboundarydong_11650106,academy_982
770,districtboundarydong_11650106,academy_984
771,districtboundarydong_11650106,academy_985
772,districtboundarydong_11650106,academy_991
773,districtboundarydong_11650106,academy_1015
774,districtboundarydong_11650106,academy_1034
775,districtboundarydong_11650106,academy_1036
776,districtboundarydong_11650106,academy_1074
777,districtboundarydong_11650106,academy_1075
778,districtboundarydong_11650106,academy_1077
779,districtboundarydong_11650106,academy_1094
780,districtboundarydong_11650106,academy_1105
781,districtboundarydong_11650106,academy_1119
782,districtboundarydong_11650106,academy_1129
783,districtboundarydong_11650106,academy_1140
784,districtboundarydong_11650106,academy_1141
785,districtboundarydong_11650106,academy_1145
786,districtboundarydong_11650106,academy_1152
787,districtboundarydong_11650106,academy_1155
788,districtboundarydong_11650106,academy_1157
789,districtboundarydong_11650106,academy_1158
790,districtboundarydong_11650106,academy_1161
791,districtboundarydong_11650106,academy_1166
792,districtboundarydong_11650106,academy_1179
793,districtboundarydong_11650106,academy_1181
794,districtboundarydong_11650106,academy_1187
795,districtboundarydong_11650106,academy_1190
796,districtboundarydong_11650106,academy_1194
797,districtboundarydong_11650106,academy_1196
798,districtboundarydong_11650106,academy_1198
799,districtboundarydong_11650106,academy_1208
800,districtboundarydong_11650106,academy_1210
801,districtboundarydong_11650106,academy_1227
802,districtboundarydong_11650106,academy_1234
803,districtboundarydong_11650106,academy_1235
804,districtboundarydong_11650106,academy_1241
805,districtboundarydong_11650106,academy_1245
806,districtboundarydong_11650106,academy_1246
807,districtboundarydong_11650106,academy_1262
808,districtboundarydong_11650106,academy_1284
809,districtboundarydong_11650106,academy_1285
810,districtboundarydong_11650106,academy_1288
811,districtboundarydong_11650106,academy_1301
812,districtboundarydong_11650106,academy_1303
813,districtboundarydong_11650106,academy_1304
814,districtboundarydong_11650106,academy_1310
815,districtboundarydong_11650106,academy_1311
816,districtboundarydong_11650106,academy_1314
817,districtboundarydong_11650106,academy_1321
818,districtboundarydong_11650106,academy_1322
819,districtboundarydong_11650106,academy_1323
820,districtboundarydong_11650106,academy_1327
821,districtboundarydong_11650106,academy_1336
822,districtboundarydong_11650106,academy_1339
823,districtboundarydong_11650106,academy_1342
824,districtboundarydong_11650106,academy_1352
825,districtboundarydong_11650106,academy_1354
826,districtboundarydong_11650106,academy_1359
827,districtboundarydong_11650106,academy_1366
828,districtboundarydong_11650106,academy_1371
829,districtboundarydong_11650106,academy_1382
830,districtboundarydong_11650106,academy_1383
831,districtboundarydong_11650106,academy_1389
832,districtboundarydong_11650106,academy_1403
833,districtboundarydong_11650106,academy_1411
834,districtboundarydong_11650106,academy_1422
835,districtboundarydong_11650106,academy_1424
836,districtboundarydong_11650106,academy_1440
837,districtboundarydong_11650106,academy_1445
838,districtboundarydong_11650106,academy_1453
839,districtboundarydong_11650106,academy_1459
840,districtboundarydong_11650106,academy_1460
841,districtboundarydong_11650106,academy_1463
842,districtboundarydong_11650106,academy_1471
843,districtboundarydong_11650106,academy_1472
844,districtboundarydong_11650106,academy_1473
845,districtboundarydong_11650106,academy_1481
846,districtboundarydong_11650106,academy_1489
847,districtboundarydong_11650106,academy_1494
848,districtboundarydong_11650106,academy_1520
849,districtboundarydong_11650106,academy_1535
850,districtboundarydong_11650106,academy_1537
851,districtboundarydong_11650106,academy_1550
852,districtboundarydong_11650106,academy_1551
853,districtboundarydong_11650106,academy_1553
854,districtboundarydong_11650106,academy_1571
855,districtboundarydong_11650106,academy_1575
856,districtboundarydong_11650106,academy_1587
857,districtboundarydong_11650106,academy_1589
858,districtboundarydong_11650106,academy_1596
859,districtboundarydong_11650106,academy_1599
860,districtboundarydong_11650106,academy_1600
861,districtboundarydong_11650106,academy_1601
862,districtboundarydong_11650106,academy_1614
863,districtboundarydong_11650106,academy_1625
864,districtboundarydong_11650106,academy_1645
865,districtboundarydong_11650106,academy_1646
866,districtboundarydong_11650106,academy_1656
867,districtboundarydong_11650106,academy_1674
868,districtboundarydong_11650106,academy_1689
869,districtboundarydong_11650106,academy_1690
870,districtboundarydong_11650106,academy_1691
871,districtboundarydong_11650106,academy_1692
872,districtboundarydong_11650106,academy_1701
873,districtboundarydong_11650106,academy_1711
874,districtboundarydong_11650106,academy_1718
875,districtboundarydong_11650106,academy_1722
876,districtboundarydong_11650106,academy_1725
877,districtboundarydong_11650106,academy_1729
878,districtboundarydong_11650106,academy_1730
879,districtboundarydong_11650106,academy_1733
880,districtboundarydong_11650106,academy_1735
881,districtboundarydong_11650106,academy_1746
882,districtboundarydong_11650106,academy_1752
883,districtboundarydong_11650106,academy_1757
884,districtboundarydong_11650106,academy_1771
885,districtboundarydong_11650106,academy_1772
886,districtboundarydong_11650106,academy_1777
887,districtboundarydong_11650106,academy_1789
888,districtboundarydong_11650106,academy_1809
889,districtboundarydong_11650106,academy_1811
890,districtboundarydong_11650106,academy_1814
891,districtboundarydong_11650106,academy_1815
892,districtboundarydong_11650106,academy_1834
893,districtboundarydong_11650106,academy_1839
894,districtboundarydong_11650106,academy_1841
895,districtboundarydong_11650106,academy_1844
896,districtboundarydong_11650106,academy_1852
897,districtboundarydong_11650106,academy_1853
898,districtboundarydong_11650106,academy_1859
899,districtboundarydong_11650106,academy_1878
900,districtboundarydong_11650106,academy_1881
901,districtboundarydong_11650106,academy_1887
902,districtboundarydong_11650106,academy_1891
903,districtboundarydong_11650106,academy_1892
904,districtboundarydong_11650106,academy_1901
905,districtboundarydong_11650106,academy_1908
906,districtboundarydong_11650106,academy_1913
907,districtboundarydong_11650106,academy_1923
908,districtboundarydong_11650106,academy_1928
909,districtboundarydong_11650106,academy_1929
910,districtboundarydong_11650107,academy_3
911,districtboundarydong_11650107,academy_14
912,districtboundarydong_11650107,academy_22
913,districtboundarydong_11650107,academy_34
914,districtboundarydong_11650107,academy_44
915,districtboundarydong_11650107,academy_47
916,districtboundarydong_11650107,academy_48
917,districtboundarydong_11650107,academy_49
918,districtboundarydong_11650107,academy_50
919,districtboundarydong_11650107,academy_51
920,districtboundarydong_11650107,academy_55
921,districtboundarydong_11650107,academy_57
922,districtboundarydong_11650107,academy_62
923,districtboundarydong_11650107,academy_67
924,districtboundarydong_11650107,academy_77
925,districtboundarydong_11650107,academy_78
926,districtboundarydong_11650107,academy_86
927,districtboundarydong_11650107,academy_90
928,districtboundarydong_11650107,academy_93
929,districtboundarydong_11650107,academy_95
930,districtboundarydong_11650107,academy_98
931,districtboundarydong_11650107,academy_103
932,districtboundarydong_11650107,academy_112
933,districtboundarydong_11650107,academy_119
934,districtboundarydong_11650107,academy_127
935,districtboundarydong_11650107,academy_129
936,districtboundarydong_11650107,academy_136
937,districtboundarydong_11650107,academy_137
938,districtboundarydong_11650107,academy_138
939,districtboundarydong_11650107,academy_155
940,districtboundarydong_11650107,academy_168
941,districtboundarydong_11650107,academy_170
942,districtboundarydong_11650107,academy_175
943,districtboundarydong_11650107,academy_176
944,districtboundarydong_11650107,academy_193
945,districtboundarydong_11650107,academy_194
946,districtboundarydong_11650107,academy_209
947,districtboundarydong_11650107,academy_210
948,districtboundarydong_11650107,academy_217
949,districtboundarydong_11650107,academy_223
950,districtboundarydong_11650107,academy_226
951,districtboundarydong_11650107,academy_227
952,districtboundarydong_11650107,academy_228
953,districtboundarydong_11650107,academy_233
954,districtboundarydong_11650107,academy_236
955,districtboundarydong_11650107,academy_253
956,districtboundarydong_11650107,academy_256
957,districtboundarydong_11650107,academy_258
958,districtboundarydong_11650107,academy_261
959,districtboundarydong_11650107,academy_266
960,districtboundarydong_11650107,academy_267
961,districtboundarydong_11650107,academy_271
962,districtboundarydong_11650107,academy_273
963,districtboundarydong_11650107,academy_275
964,districtboundarydong_11650107,academy_276
965,districtboundarydong_11650107,academy_278
966,districtboundarydong_11650107,academy_285
967,districtboundarydong_11650107,academy_287
968,districtboundarydong_11650107,academy_291
969,districtboundarydong_11650107,academy_293
970,districtboundarydong_11650107,academy_300
971,districtboundarydong_11650107,academy_303
972,districtboundarydong_11650107,academy_320
973,districtboundarydong_11650107,academy_330
974,districtboundarydong_11650107,academy_331
975,districtboundarydong_11650107,academy_334
976,districtboundarydong_11650107,academy_335
977,districtboundarydong_11650107,academy_350
978,districtboundarydong_11650107,academy_371
979,districtboundarydong_11650107,academy_379
980,districtboundarydong_11650107,academy_386
981,districtboundarydong_11650107,academy_398
982,districtboundarydong_11650107,academy_399
983,districtboundarydong_11650107,academy_400
984,districtboundarydong_11650107,academy_403
985,districtboundarydong_11650107,academy_407
986,districtboundarydong_11650107,academy_416
987,districtboundarydong_11650107,academy_420
988,districtboundarydong_11650107,academy_428
989,districtboundarydong_11650107,academy_429
990,districtboundarydong_11650107,academy_431
991,districtboundarydong_11650107,academy_432
992,districtboundarydong_11650107,academy_437
993,districtboundarydong_11650107,academy_438
994,districtboundarydong_11650107,academy_445
995,districtboundarydong_11650107,academy_446
996,districtboundarydong_11650107,academy_447
997,districtboundarydong_11650107,academy_451
998,districtboundarydong_11650107,academy_456
999,districtboundarydong_11650107,academy_473
1000,districtboundarydong_11650107,academy_477
1001,districtboundarydong_11650107,academy_480
1002,districtboundarydong_11650107,academy_498
1003,districtboundarydong_11650107,academy_504
1004,districtboundarydong_11650107,academy_521
1005,districtboundarydong_11650107,academy_522
1006,districtboundarydong_11650107,academy_530
1007,districtboundarydong_11650107,academy_542
1008,districtboundarydong_11650107,academy_543
1009,districtboundarydong_11650107,academy_547
1010,districtboundarydong_11650107,academy_554
1011,districtboundarydong_11650107,academy_556
1012,districtboundarydong_11650107,academy_563
1013,districtboundarydong_11650107,academy_565
1014,districtboundarydong_11650107,academy_566
1015,districtboundarydong_11650107,academy_567
1016,districtboundarydong_11650107,academy_571
1017,districtboundarydong_11650107,academy_573
1018,districtboundarydong_11650107,academy_574
1019,districtboundarydong_11650107,academy_575
1020,districtboundarydong_11650107,academy_579
1021,districtboundarydong_11650107,academy_585
1022,districtboundarydong_11650107,academy_586
1023,districtboundarydong_11650107,academy_589
1024,districtboundarydong_11650107,academy_595
1025,districtboundarydong_11650107,academy_602
1026,districtboundarydong_11650107,academy_605
1027,districtboundarydong_11650107,academy_611
1028,districtboundarydong_11650107,academy_612
1029,districtboundarydong_11650107,academy_613
1030,districtboundarydong_11650107,academy_614
1031,districtboundarydong_11650107,academy_615
1032,districtboundarydong_11650107,academy_616
1033,districtboundarydong_11650107,academy_618
1034,districtboundarydong_11650107,academy_631
1035,districtboundarydong_11650107,academy_632
1036,districtboundarydong_11650107,academy_635
1037,districtboundarydong_11650107,academy_637
1038,districtboundarydong_11650107,academy_651
1039,districtboundarydong_11650107,academy_652
1040,districtboundarydong_11650107,academy_656
1041,districtboundarydong_11650107,academy_662
1042,districtboundarydong_11650107,academy_666
1043,districtboundarydong_11650107,academy_667
1044,districtboundarydong_11650107,academy_670
1045,districtboundarydong_11650107,academy_671
1046,districtboundarydong_11650107,academy_674
1047,districtboundarydong_11650107,academy_677
1048,districtboundarydong_11650107,academy_682
1049,districtboundarydong_11650107,academy_685
1050,districtboundarydong_11650107,academy_688
1051,districtboundarydong_11650107,academy_697
1052,districtboundarydong_11650107,academy_703
1053,districtboundarydong_11650107,academy_713
1054,districtboundarydong_11650107,academy_716
1055,districtboundarydong_11650107,academy_718
1056,districtboundarydong_11650107,academy_721
1057,districtboundarydong_11650107,academy_723
1058,districtboundarydong_11650107,academy_724
1059,districtboundarydong_11650107,academy_732
1060,districtboundarydong_11650107,academy_733
1061,districtboundarydong_11650107,academy_739
1062,districtboundarydong_11650107,academy_749
1063,districtboundarydong_11650107,academy_750
1064,districtboundarydong_11650107,academy_755
1065,districtboundarydong_11650107,academy_756
1066,districtboundarydong_11650107,academy_761
1067,districtboundarydong_11650107,academy_764
1068,districtboundarydong_11650107,academy_765
1069,districtboundarydong_11650107,academy_767
1070,districtboundarydong_11650107,academy_768
1071,districtboundarydong_11650107,academy_771
1072,districtboundarydong_11650107,academy_772
1073,districtboundarydong_11650107,academy_773
1074,districtboundarydong_11650107,academy_781
1075,districtboundarydong_11650107,academy_786
1076,districtboundarydong_11650107,academy_798
1077,districtboundarydong_11650107,academy_802
1078,districtboundarydong_11650107,academy_803
1079,districtboundarydong_11650107,academy_806
1080,districtboundarydong_11650107,academy_808
1081,districtboundarydong_11650107,academy_828
1082,districtboundarydong_11650107,academy_854
1083,districtboundarydong_11650107,academy_855
1084,districtboundarydong_11650107,academy_862
1085,districtboundarydong_11650107,academy_866
1086,districtboundarydong_11650107,academy_867
1087,districtboundarydong_11650107,academy_872
1088,districtboundarydong_11650107,academy_873
1089,districtboundarydong_11650107,academy_875
1090,districtboundarydong_11650107,academy_879
1091,districtboundarydong_11650107,academy_880
1092,districtboundarydong_11650107,academy_884
1093,districtboundarydong_11650107,academy_887
1094,districtboundarydong_11650107,academy_892
1095,districtboundarydong_11650107,academy_893
1096,districtboundarydong_11650107,academy_894
1097,districtboundarydong_11650107,academy_906
1098,districtboundarydong_11650107,academy_907
1099,districtboundarydong_11650107,academy_911
1100,districtboundarydong_11650107,academy_912
1101,districtboundarydong_11650107,academy_915
1102,districtboundarydong_11650107,academy_923
1103,districtboundarydong_11650107,academy_929
1104,districtboundarydong_11650107,academy_935
1105,districtboundarydong_11650107,academy_940
1106,districtboundarydong_11650107,academy_945
1107,districtboundarydong_11650107,academy_948
1108,districtboundarydong_11650107,academy_950
1109,districtboundarydong_11650107,academy_951
1110,districtboundarydong_11650107,academy_953
1111,districtboundarydong_11650107,academy_954
1112,districtboundarydong_11650107,academy_957
1113,districtboundarydong_11650107,academy_959
1114,districtboundarydong_11650107,academy_961
1115,districtboundarydong_11650107,academy_963
1116,districtboundarydong_11650107,academy_967
1117,districtboundarydong_11650107,academy_969
1118,districtboundarydong_11650107,academy_977
1119,districtboundarydong_11650107,academy_987
1120,districtboundarydong_11650107,academy_993
1121,districtboundarydong_11650107,academy_995
1122,districtboundarydong_11650107,academy_997
1123,districtboundarydong_11650107,academy_998
1124,districtboundarydong_11650107,academy_1000
1125,districtboundarydong_11650107,academy_1001
1126,districtboundarydong_11650107,academy_1002
1127,districtboundarydong_11650107,academy_1011
1128,districtboundarydong_11650107,academy_1033
1129,districtboundarydong_11650107,academy_1035
1130,districtboundarydong_11650107,academy_1037
1131,districtboundarydong_11650107,academy_1053
1132,districtboundarydong_11650107,academy_1054
1133,districtboundarydong_11650107,academy_1058
1134,districtboundarydong_11650107,academy_1063
1135,districtboundarydong_11650107,academy_1065
1136,districtboundarydong_11650107,academy_1078
1137,districtboundarydong_11650107,academy_1079
1138,districtboundarydong_11650107,academy_1081
1139,districtboundarydong_11650107,academy_1082
1140,districtboundarydong_11650107,academy_1086
1141,districtboundarydong_11650107,academy_1088
1142,districtboundarydong_11650107,academy_1090
1143,districtboundarydong_11650107,academy_1099
1144,districtboundarydong_11650107,academy_1102
1145,districtboundarydong_11650107,academy_1108
1146,districtboundarydong_11650107,academy_1111
1147,districtboundarydong_11650107,academy_1116
1148,districtboundarydong_11650107,academy_1123
1149,districtboundarydong_11650107,academy_1131
1150,districtboundarydong_11650107,academy_1132
1151,districtboundarydong_11650107,academy_1134
1152,districtboundarydong_11650107,academy_1137
1153,districtboundarydong_11650107,academy_1148
1154,districtboundarydong_11650107,academy_1150
1155,districtboundarydong_11650107,academy_1164
1156,districtboundarydong_11650107,academy_1165
1157,districtboundarydong_11650107,academy_1173
1158,districtboundarydong_11650107,academy_1176
1159,districtboundarydong_11650107,academy_1177
1160,districtboundarydong_11650107,academy_1183
1161,districtboundarydong_11650107,academy_1189
1162,districtboundarydong_11650107,academy_1197
1163,districtboundarydong_11650107,academy_1206
1164,districtboundarydong_11650107,academy_1207
1165,districtboundarydong_11650107,academy_1209
1166,districtboundarydong_11650107,academy_1214
1167,districtboundarydong_11650107,academy_1221
1168,districtboundarydong_11650107,academy_1224
1169,districtboundarydong_11650107,academy_1226
1170,districtboundarydong_11650107,academy_1232
1171,districtboundarydong_11650107,academy_1238
1172,districtboundarydong_11650107,academy_1239
1173,districtboundarydong_11650107,academy_1242
1174,districtboundarydong_11650107,academy_1243
1175,districtboundarydong_11650107,academy_1244
1176,districtboundarydong_11650107,academy_1247
1177,districtboundarydong_11650107,academy_1249
1178,districtboundarydong_11650107,academy_1252
1179,districtboundarydong_11650107,academy_1255
1180,districtboundarydong_11650107,academy_1257
1181,districtboundarydong_11650107,academy_1271
1182,districtboundarydong_11650107,academy_1275
1183,districtboundarydong_11650107,academy_1276
1184,districtboundarydong_11650107,academy_1278
1185,districtboundarydong_11650107,academy_1279
1186,districtboundarydong_11650107,academy_1281
1187,districtboundarydong_11650107,academy_1287
1188,districtboundarydong_11650107,academy_1290
1189,districtboundarydong_11650107,academy_1292
1190,districtboundarydong_11650107,academy_1295
1191,districtboundarydong_11650107,academy_1296
1192,districtboundarydong_11650107,academy_1297
1193,districtboundarydong_11650107,academy_1305
1194,districtboundarydong_11650107,academy_1309
1195,districtboundarydong_11650107,academy_1313
1196,districtboundarydong_11650107,academy_1316
1197,districtboundarydong_11650107,academy_1317
1198,districtboundarydong_11650107,academy_1329
1199,districtboundarydong_11650107,academy_1330
1200,districtboundarydong_11650107,academy_1331
1201,districtboundarydong_11650107,academy_1333
1202,districtboundarydong_11650107,academy_1337
1203,districtboundarydong_11650107,academy_1351
1204,districtboundarydong_11650107,academy_1360
1205,districtboundarydong_11650107,academy_1362
1206,districtboundarydong_11650107,academy_1365
1207,districtboundarydong_11650107,academy_1367
1208,districtboundarydong_11650107,academy_1374
1209,districtboundarydong_11650107,academy_1375
1210,districtboundarydong_11650107,academy_1380
1211,districtboundarydong_11650107,academy_1384
1212,districtboundarydong_11650107,academy_1385
1213,districtboundarydong_11650107,academy_1392
1214,districtboundarydong_11650107,academy_1405
1215,districtboundarydong_11650107,academy_1420
1216,districtboundarydong_11650107,academy_1425
1217,districtboundarydong_11650107,academy_1429
1218,districtboundarydong_11650107,academy_1430
1219,districtboundarydong_11650107,academy_1436
1220,districtboundarydong_11650107,academy_1438
1221,districtboundarydong_11650107,academy_1439
1222,districtboundarydong_11650107,academy_1442
1223,districtboundarydong_11650107,academy_1446
1224,districtboundarydong_11650107,academy_1448
1225,districtboundarydong_11650107,academy_1454
1226,districtboundarydong_11650107,academy_1455
1227,districtboundarydong_11650107,academy_1456
1228,districtboundarydong_11650107,academy_1465
1229,districtboundarydong_11650107,academy_1470
1230,districtboundarydong_11650107,academy_1476
1231,districtboundarydong_11650107,academy_1483
1232,districtboundarydong_11650107,academy_1496
1233,districtboundarydong_11650107,academy_1499
1234,districtboundarydong_11650107,academy_1500
1235,districtboundarydong_11650107,academy_1512
1236,districtboundarydong_11650107,academy_1513
1237,districtboundarydong_11650107,academy_1518
1238,districtboundarydong_11650107,academy_1525
1239,districtboundarydong_11650107,academy_1526
1240,districtboundarydong_11650107,academy_1527
1241,districtboundarydong_11650107,academy_1528
1242,districtboundarydong_11650107,academy_1531
1243,districtboundarydong_11650107,academy_1532
1244,districtboundarydong_11650107,academy_1540
1245,districtboundarydong_11650107,academy_1542
1246,districtboundarydong_11650107,academy_1543
1247,districtboundarydong_11650107,academy_1545
1248,districtboundarydong_11650107,academy_1558
1249,districtboundarydong_11650107,academy_1559
1250,districtboundarydong_11650107,academy_1560
1251,districtboundarydong_11650107,academy_1561
1252,districtboundarydong_11650107,academy_1565
1253,districtboundarydong_11650107,academy_1568
1254,districtboundarydong_11650107,academy_1573
1255,districtboundarydong_11650107,academy_1580
1256,districtboundarydong_11650107,academy_1594
1257,districtboundarydong_11650107,academy_1603
1258,districtboundarydong_11650107,academy_1604
1259,districtboundarydong_11650107,academy_1609
1260,districtboundarydong_11650107,academy_1612
1261,districtboundarydong_11650107,academy_1613
1262,districtboundarydong_11650107,academy_1616
1263,districtboundarydong_11650107,academy_1618
1264,districtboundarydong_11650107,academy_1626
1265,districtboundarydong_11650107,academy_1630
1266,districtboundarydong_11650107,academy_1632
1267,districtboundarydong_11650107,academy_1633
1268,districtboundarydong_11650107,academy_1634
1269,districtboundarydong_11650107,academy_1643
1270,districtboundarydong_11650107,academy_1647
1271,districtboundarydong_11650107,academy_1650
1272,districtboundarydong_11650107,academy_1651
1273,districtboundarydong_11650107,academy_1658
1274,districtboundarydong_11650107,academy_1659
1275,districtboundarydong_11650107,academy_1665
1276,districtboundarydong_11650107,academy_1666
1277,districtboundarydong_11650107,academy_1673
1278,districtboundarydong_11650107,academy_1676
1279,districtboundarydong_11650107,academy_1684
1280,districtboundarydong_11650107,academy_1694
1281,districtboundarydong_11650107,academy_1698
1282,districtboundarydong_11650107,academy_1714
1283,districtboundarydong_11650107,academy_1715
1284,districtboundarydong_11650107,academy_1719
1285,districtboundarydong_11650107,academy_1724
1286,districtboundarydong_11650107,academy_1726
1287,districtboundarydong_11650107,academy_1750
1288,districtboundarydong_11650107,academy_1765
1289,districtboundarydong_11650107,academy_1776
1290,districtboundarydong_11650107,academy_1778
1291,districtboundarydong_11650107,academy_1793
1292,districtboundarydong_11650107,academy_1794
1293,districtboundarydong_11650107,academy_1801
1294,districtboundarydong_11650107,academy_1804
1295,districtboundarydong_11650107,academy_1805
1296,districtboundarydong_11650107,academy_1812
1297,districtboundarydong_11650107,academy_1818
1298,districtboundarydong_11650107,academy_1824
1299,districtboundarydong_11650107,academy_1825
1300,districtboundarydong_11650107,academy_1826
1301,districtboundarydong_11650107,academy_1830
1302,districtboundarydong_11650107,academy_1835
1303,districtboundarydong_11650107,academy_1837
1304,districtboundarydong_11650107,academy_1838
1305,districtboundarydong_11650107,academy_1840
1306,districtboundarydong_11650107,academy_1843
1307,districtboundarydong_11650107,academy_1851
1308,districtboundarydong_11650107,academy_1860
1309,districtboundarydong_11650107,academy_1861
1310,districtboundarydong_11650107,academy_1862
1311,districtboundarydong_11650107,academy_1865
1312,districtboundarydong_11650107,academy_1868
1313,districtboundarydong_11650107,academy_1872
1314,districtboundarydong_11650107,academy_1876
1315,districtboundarydong_11650107,academy_1877
1316,districtboundarydong_11650107,academy_1885
1317,districtboundarydong_11650107,academy_1888
1318,districtboundarydong_11650107,academy_1896
1319,districtboundarydong_11650107,academy_1898
1320,districtboundarydong_11650107,academy_1900
1321,districtboundarydong_11650107,academy_1902
1322,districtboundarydong_11650107,academy_1904
1323,districtboundarydong_11650107,academy_1907
1324,districtboundarydong_11650107,academy_1920
1325,districtboundarydong_11650107,academy_1925
1326,districtboundarydong_11650107,academy_1930
1327,districtboundarydong_11650108,academy_1
1328,districtboundarydong_11650108,academy_9
1329,districtboundarydong_11650108,academy_13
1330,districtboundarydong_11650108,academy_18
1331,districtboundarydong_11650108,academy_19
1332,districtboundarydong_11650108,academy_23
1333,districtboundarydong_11650108,academy_25
1334,districtboundarydong_11650108,academy_28
1335,districtboundarydong_11650108,academy_35
1336,districtboundarydong_11650108,academy_36
1337,districtboundarydong_11650108,academy_45
1338,districtboundarydong_11650108,academy_46
1339,districtboundarydong_11650108,academy_52
1340,districtboundarydong_11650108,academy_61
1341,districtboundarydong_11650108,academy_63
1342,districtboundarydong_11650108,academy_65
1343,districtboundarydong_11650108,academy_70
1344,districtboundarydong_11650108,academy_73
1345,districtboundarydong_11650108,academy_74
1346,districtboundarydong_11650108,academy_76
1347,districtboundarydong_11650108,academy_81
1348,districtboundarydong_11650108,academy_87
1349,districtboundarydong_11650108,academy_88
1350,districtboundarydong_11650108,academy_89
1351,districtboundarydong_11650108,academy_96
1352,districtboundarydong_11650108,academy_97
1353,districtboundarydong_11650108,academy_102
1354,districtboundarydong_11650108,academy_105
1355,districtboundarydong_11650108,academy_106
1356,districtboundarydong_11650108,academy_116
1357,districtboundarydong_11650108,academy_117
1358,districtboundarydong_11650108,academy_118
1359,districtboundarydong_11650108,academy_121
1360,districtboundarydong_11650108,academy_126
1361,districtboundarydong_11650108,academy_131
1362,districtboundarydong_11650108,academy_132
1363,districtboundarydong_11650108,academy_133
1364,districtboundarydong_11650108,academy_134
1365,districtboundarydong_11650108,academy_143
1366,districtboundarydong_11650108,academy_144
1367,districtboundarydong_11650108,academy_147
1368,districtboundarydong_11650108,academy_150
1369,districtboundarydong_11650108,academy_153
1370,districtboundarydong_11650108,academy_156
1371,districtboundarydong_11650108,academy_158
1372,districtboundarydong_11650108,academy_160
1373,districtboundarydong_11650108,academy_161
1374,districtboundarydong_11650108,academy_163
1375,districtboundarydong_11650108,academy_164
1376,districtboundarydong_11650108,academy_165
1377,districtboundarydong_11650108,academy_171
1378,districtboundarydong_11650108,academy_189
1379,districtboundarydong_11650108,academy_192
1380,districtboundarydong_11650108,academy_200
1381,districtboundarydong_11650108,academy_204
1382,districtboundarydong_11650108,academy_208
1383,districtboundarydong_11650108,academy_212
1384,districtboundarydong_11650108,academy_214
1385,districtboundarydong_11650108,academy_215
1386,districtboundarydong_11650108,academy_221
1387,districtboundarydong_11650108,academy_222
1388,districtboundarydong_11650108,academy_224
1389,districtboundarydong_11650108,academy_234
1390,districtboundarydong_11650108,academy_238
1391,districtboundarydong_11650108,academy_244
1392,districtboundarydong_11650108,academy_246
1393,districtboundarydong_11650108,academy_248
1394,districtboundarydong_11650108,academy_249
1395,districtboundarydong_11650108,academy_252
1396,districtboundarydong_11650108,academy_255
1397,districtboundarydong_11650108,academy_263
1398,districtboundarydong_11650108,academy_265
1399,districtboundarydong_11650108,academy_269
1400,districtboundarydong_11650108,academy_270
1401,districtboundarydong_11650108,academy_274
1402,districtboundarydong_11650108,academy_279
1403,districtboundarydong_11650108,academy_280
1404,districtboundarydong_11650108,academy_288
1405,districtboundarydong_11650108,academy_289
1406,districtboundarydong_11650108,academy_298
1407,districtboundarydong_11650108,academy_301
1408,districtboundarydong_11650108,academy_307
1409,districtboundarydong_11650108,academy_312
1410,districtboundarydong_11650108,academy_318
1411,districtboundarydong_11650108,academy_321
1412,districtboundarydong_11650108,academy_322
1413,districtboundarydong_11650108,academy_327
1414,districtboundarydong_11650108,academy_332
1415,districtboundarydong_11650108,academy_333
1416,districtboundarydong_11650108,academy_336
1417,districtboundarydong_11650108,academy_337
1418,districtboundarydong_11650108,academy_340
1419,districtboundarydong_11650108,academy_341
1420,districtboundarydong_11650108,academy_346
1421,districtboundarydong_11650108,academy_349
1422,districtboundarydong_11650108,academy_351
1423,districtboundarydong_11650108,academy_353
1424,districtboundarydong_11650108,academy_355
1425,districtboundarydong_11650108,academy_358
1426,districtboundarydong_11650108,academy_360
1427,districtboundarydong_11650108,academy_361
1428,districtboundarydong_11650108,academy_364
1429,districtboundarydong_11650108,academy_365
1430,districtboundarydong_11650108,academy_374
1431,districtboundarydong_11650108,academy_377
1432,districtboundarydong_11650108,academy_378
1433,districtboundarydong_11650108,academy_381
1434,districtboundarydong_11650108,academy_382
1435,districtboundarydong_11650108,academy_388
1436,districtboundarydong_11650108,academy_390
1437,districtboundarydong_11650108,academy_391
1438,districtboundarydong_11650108,academy_393
1439,districtboundarydong_11650108,academy_395
1440,districtboundarydong_11650108,academy_397
1441,districtboundarydong_11650108,academy_401
1442,districtboundarydong_11650108,academy_404
1443,districtboundarydong_11650108,academy_406
1444,districtboundarydong_11650108,academy_408
1445,districtboundarydong_11650108,academy_421
1446,districtboundarydong_11650108,academy_434
1447,districtboundarydong_11650108,academy_435
1448,districtboundarydong_11650108,academy_436
1449,districtboundarydong_11650108,academy_443
1450,districtboundarydong_11650108,academy_453
1451,districtboundarydong_11650108,academy_461
1452,districtboundarydong_11650108,academy_463
1453,districtboundarydong_11650108,academy_464
1454,districtboundarydong_11650108,academy_469
1455,districtboundarydong_11650108,academy_471
1456,districtboundarydong_11650108,academy_475
1457,districtboundarydong_11650108,academy_476
1458,districtboundarydong_11650108,academy_482
1459,districtboundarydong_11650108,academy_483
1460,districtboundarydong_11650108,academy_486
1461,districtboundarydong_11650108,academy_487
1462,districtboundarydong_11650108,academy_490
1463,districtboundarydong_11650108,academy_491
1464,districtboundarydong_11650108,academy_492
1465,districtboundarydong_11650108,academy_493
1466,districtboundarydong_11650108,academy_495
1467,districtboundarydong_11650108,academy_500
1468,districtboundarydong_11650108,academy_502
1469,districtboundarydong_11650108,academy_507
1470,districtboundarydong_11650108,academy_509
1471,districtboundarydong_11650108,academy_510
1472,districtboundarydong_11650108,academy_514
1473,districtboundarydong_11650108,academy_515
1474,districtboundarydong_11650108,academy_527
1475,districtboundarydong_11650108,academy_533
1476,districtboundarydong_11650108,academy_536
1477,districtboundarydong_11650108,academy_540
1478,districtboundarydong_11650108,academy_544
1479,districtboundarydong_11650108,academy_548
1480,districtboundarydong_11650108,academy_557
1481,districtboundarydong_11650108,academy_559
1482,districtboundarydong_11650108,academy_562
1483,districtboundarydong_11650108,academy_564
1484,districtboundarydong_11650108,academy_568
1485,districtboundarydong_11650108,academy_569
1486,districtboundarydong_11650108,academy_576
1487,districtboundarydong_11650108,academy_577
1488,districtboundarydong_11650108,academy_581
1489,districtboundarydong_11650108,academy_582
1490,districtboundarydong_11650108,academy_584
1491,districtboundarydong_11650108,academy_588
1492,districtboundarydong_11650108,academy_592
1493,districtboundarydong_11650108,academy_597
1494,districtboundarydong_11650108,academy_598
1495,districtboundarydong_11650108,academy_599
1496,districtboundarydong_11650108,academy_600
1497,districtboundarydong_11650108,academy_603
1498,districtboundarydong_11650108,academy_607
1499,districtboundarydong_11650108,academy_608
1500,districtboundarydong_11650108,academy_623
1501,districtboundarydong_11650108,academy_625
1502,districtboundarydong_11650108,academy_630
1503,districtboundarydong_11650108,academy_639
1504,districtboundarydong_11650108,academy_643
1505,districtboundarydong_11650108,academy_649
1506,districtboundarydong_11650108,academy_657
1507,districtboundarydong_11650108,academy_661
1508,districtboundarydong_11650108,academy_664
1509,districtboundarydong_11650108,academy_668
1510,districtboundarydong_11650108,academy_669
1511,districtboundarydong_11650108,academy_673
1512,districtboundarydong_11650108,academy_675
1513,districtboundarydong_11650108,academy_676
1514,districtboundarydong_11650108,academy_680
1515,districtboundarydong_11650108,academy_684
1516,districtboundarydong_11650108,academy_694
1517,districtboundarydong_11650108,academy_701
1518,districtboundarydong_11650108,academy_704
1519,districtboundarydong_11650108,academy_705
1520,districtboundarydong_11650108,academy_706
1521,districtboundarydong_11650108,academy_708
1522,districtboundarydong_11650108,academy_709
1523,districtboundarydong_11650108,academy_712
1524,districtboundarydong_11650108,academy_715
1525,districtboundarydong_11650108,academy_717
1526,districtboundarydong_11650108,academy_722
1527,districtboundarydong_11650108,academy_725
1528,districtboundarydong_11650108,academy_727
1529,districtboundarydong_11650108,academy_728
1530,districtboundarydong_11650108,academy_738
1531,districtboundarydong_11650108,academy_741
1532,districtboundarydong_11650108,academy_744
1533,districtboundarydong_11650108,academy_747
1534,districtboundarydong_11650108,academy_748
1535,districtboundarydong_11650108,academy_752
1536,districtboundarydong_11650108,academy_758
1537,districtboundarydong_11650108,academy_759
1538,districtboundarydong_11650108,academy_775
1539,districtboundarydong_11650108,academy_776
1540,districtboundarydong_11650108,academy_778
1541,districtboundarydong_11650108,academy_780
1542,districtboundarydong_11650108,academy_782
1543,districtboundarydong_11650108,academy_788
1544,districtboundarydong_11650108,academy_794
1545,districtboundarydong_11650108,academy_797
1546,districtboundarydong_11650108,academy_799
1547,districtboundarydong_11650108,academy_804
1548,districtboundarydong_11650108,academy_805
1549,districtboundarydong_11650108,academy_812
1550,districtboundarydong_11650108,academy_813
1551,districtboundarydong_11650108,academy_815
1552,districtboundarydong_11650108,academy_816
1553,districtboundarydong_11650108,academy_818
1554,districtboundarydong_11650108,academy_827
1555,districtboundarydong_11650108,academy_832
1556,districtboundarydong_11650108,academy_834
1557,districtboundarydong_11650108,academy_836
1558,districtboundarydong_11650108,academy_838
1559,districtboundarydong_11650108,academy_839
1560,districtboundarydong_11650108,academy_844
1561,districtboundarydong_11650108,academy_853
1562,districtboundarydong_11650108,academy_856
1563,districtboundarydong_11650108,academy_861
1564,districtboundarydong_11650108,academy_863
1565,districtboundarydong_11650108,academy_865
1566,districtboundarydong_11650108,academy_874
1567,districtboundarydong_11650108,academy_876
1568,districtboundarydong_11650108,academy_877
1569,districtboundarydong_11650108,academy_878
1570,districtboundarydong_11650108,academy_885
1571,districtboundarydong_11650108,academy_896
1572,districtboundarydong_11650108,academy_904
1573,districtboundarydong_11650108,academy_908
1574,districtboundarydong_11650108,academy_910
1575,districtboundarydong_11650108,academy_916
1576,districtboundarydong_11650108,academy_921
1577,districtboundarydong_11650108,academy_927
1578,districtboundarydong_11650108,academy_930
1579,districtboundarydong_11650108,academy_932
1580,districtboundarydong_11650108,academy_933
1581,districtboundarydong_11650108,academy_934
1582,districtboundarydong_11650108,academy_938
1583,districtboundarydong_11650108,academy_939
1584,districtboundarydong_11650108,academy_941
1585,districtboundarydong_11650108,academy_946
1586,districtboundarydong_11650108,academy_960
1587,districtboundarydong_11650108,academy_968
1588,districtboundarydong_11650108,academy_970
1589,districtboundarydong_11650108,academy_972
1590,districtboundarydong_11650108,academy_973
1591,districtboundarydong_11650108,academy_974
1592,districtboundarydong_11650108,academy_976
1593,districtboundarydong_11650108,academy_981
1594,districtboundarydong_11650108,academy_983
1595,districtboundarydong_11650108,academy_989
1596,districtboundarydong_11650108,academy_990
1597,districtboundarydong_11650108,academy_992
1598,districtboundarydong_11650108,academy_999
1599,districtboundarydong_11650108,academy_1006
1600,districtboundarydong_11650108,academy_1009
1601,districtboundarydong_11650108,academy_1012
1602,districtboundarydong_11650108,academy_1017
1603,districtboundarydong_11650108,academy_1025
1604,districtboundarydong_11650108,academy_1032
1605,districtboundarydong_11650108,academy_1038
1606,districtboundarydong_11650108,academy_1041
1607,districtboundarydong_11650108,academy_1043
1608,districtboundarydong_11650108,academy_1049
1609,districtboundarydong_11650108,academy_1051
1610,districtboundarydong_11650108,academy_1057
1611,districtboundarydong_11650108,academy_1060
1612,districtboundarydong_11650108,academy_1067
1613,districtboundarydong_11650108,academy_1070
1614,districtboundarydong_11650108,academy_1071
1615,districtboundarydong_11650108,academy_1073
1616,districtboundarydong_11650108,academy_1092
1617,districtboundarydong_11650108,academy_1093
1618,districtboundarydong_11650108,academy_1095
1619,districtboundarydong_11650108,academy_1103
1620,districtboundarydong_11650108,academy_1104
1621,districtboundarydong_11650108,academy_1106
1622,districtboundarydong_11650108,academy_1109
1623,districtboundarydong_11650108,academy_1112
1624,districtboundarydong_11650108,academy_1114
1625,districtboundarydong_11650108,academy_1117
1626,districtboundarydong_11650108,academy_1118
1627,districtboundarydong_11650108,academy_1121
1628,districtboundarydong_11650108,academy_1122
1629,districtboundarydong_11650108,academy_1125
1630,districtboundarydong_11650108,academy_1127
1631,districtboundarydong_11650108,academy_1135
1632,districtboundarydong_11650108,academy_1138
1633,districtboundarydong_11650108,academy_1146
1634,districtboundarydong_11650108,academy_1151
1635,districtboundarydong_11650108,academy_1154
1636,districtboundarydong_11650108,academy_1159
1637,districtboundarydong_11650108,academy_1162
1638,districtboundarydong_11650108,academy_1168
1639,districtboundarydong_11650108,academy_1170
1640,districtboundarydong_11650108,academy_1171
1641,districtboundarydong_11650108,academy_1172
1642,districtboundarydong_11650108,academy_1174
1643,districtboundarydong_11650108,academy_1178
1644,districtboundarydong_11650108,academy_1184
1645,districtboundarydong_11650108,academy_1188
1646,districtboundarydong_11650108,academy_1191
1647,districtboundarydong_11650108,academy_1192
1648,districtboundarydong_11650108,academy_1193
1649,districtboundarydong_11650108,academy_1200
1650,districtboundarydong_11650108,academy_1203
1651,districtboundarydong_11650108,academy_1204
1652,districtboundarydong_11650108,academy_1205
1653,districtboundarydong_11650108,academy_1211
1654,districtboundarydong_11650108,academy_1213
1655,districtboundarydong_11650108,academy_1218
1656,districtboundarydong_11650108,academy_1223
1657,districtboundarydong_11650108,academy_1225
1658,districtboundarydong_11650108,academy_1233
1659,districtboundarydong_11650108,academy_1248
1660,districtboundarydong_11650108,academy_1256
1661,districtboundarydong_11650108,academy_1267
1662,districtboundarydong_11650108,academy_1272
1663,districtboundarydong_11650108,academy_1274
1664,districtboundarydong_11650108,academy_1280
1665,districtboundarydong_11650108,academy_1282
1666,districtboundarydong_11650108,academy_1283
1667,districtboundarydong_11650108,academy_1289
1668,districtboundarydong_11650108,academy_1306
1669,districtboundarydong_11650108,academy_1308
1670,districtboundarydong_11650108,academy_1315
1671,districtboundarydong_11650108,academy_1318
1672,districtboundarydong_11650108,academy_1326
1673,districtboundarydong_11650108,academy_1328
1674,districtboundarydong_11650108,academy_1335
1675,districtboundarydong_11650108,academy_1341
1676,districtboundarydong_11650108,academy_1345
1677,districtboundarydong_11650108,academy_1346
1678,districtboundarydong_11650108,academy_1347
1679,districtboundarydong_11650108,academy_1348
1680,districtboundarydong_11650108,academy_1349
1681,districtboundarydong_11650108,academy_1350
1682,districtboundarydong_11650108,academy_1353
1683,districtboundarydong_11650108,academy_1355
1684,districtboundarydong_11650108,academy_1356
1685,districtboundarydong_11650108,academy_1358
1686,districtboundarydong_11650108,academy_1361
1687,districtboundarydong_11650108,academy_1363
1688,districtboundarydong_11650108,academy_1364
1689,districtboundarydong_11650108,academy_1369
1690,districtboundarydong_11650108,academy_1372
1691,districtboundarydong_11650108,academy_1373
1692,districtboundarydong_11650108,academy_1377
1693,districtboundarydong_11650108,academy_1379
1694,districtboundarydong_11650108,academy_1381
1695,districtboundarydong_11650108,academy_1386
1696,districtboundarydong_11650108,academy_1387
1697,districtboundarydong_11650108,academy_1388
1698,districtboundarydong_11650108,academy_1390
1699,districtboundarydong_11650108,academy_1391
1700,districtboundarydong_11650108,academy_1394
1701,districtboundarydong_11650108,academy_1395
1702,districtboundarydong_11650108,academy_1400
1703,districtboundarydong_11650108,academy_1401
1704,districtboundarydong_11650108,academy_1408
1705,districtboundarydong_11650108,academy_1409
1706,districtboundarydong_11650108,academy_1410
1707,districtboundarydong_11650108,academy_1412
1708,districtboundarydong_11650108,academy_1414
1709,districtboundarydong_11650108,academy_1415
1710,districtboundarydong_11650108,academy_1416
1711,districtboundarydong_11650108,academy_1419
1712,districtboundarydong_11650108,academy_1426
1713,districtboundarydong_11650108,academy_1431
1714,districtboundarydong_11650108,academy_1435
1715,districtboundarydong_11650108,academy_1437
1716,districtboundarydong_11650108,academy_1441
1717,districtboundarydong_11650108,academy_1444
1718,districtboundarydong_11650108,academy_1457
1719,districtboundarydong_11650108,academy_1458
1720,districtboundarydong_11650108,academy_1461
1721,districtboundarydong_11650108,academy_1464
1722,districtboundarydong_11650108,academy_1475
1723,districtboundarydong_11650108,academy_1485
1724,districtboundarydong_11650108,academy_1490
1725,districtboundarydong_11650108,academy_1491
1726,districtboundarydong_11650108,academy_1497
1727,districtboundarydong_11650108,academy_1498
1728,districtboundarydong_11650108,academy_1501
1729,districtboundarydong_11650108,academy_1502
1730,districtboundarydong_11650108,academy_1504
1731,districtboundarydong_11650108,academy_1505
1732,districtboundarydong_11650108,academy_1507
1733,districtboundarydong_11650108,academy_1510
1734,districtboundarydong_11650108,academy_1514
1735,districtboundarydong_11650108,academy_1516
1736,districtboundarydong_11650108,academy_1521
1737,districtboundarydong_11650108,academy_1522
1738,districtboundarydong_11650108,academy_1523
1739,districtboundarydong_11650108,academy_1530
1740,districtboundarydong_11650108,academy_1534
1741,districtboundarydong_11650108,academy_1549
1742,districtboundarydong_11650108,academy_1555
1743,districtboundarydong_11650108,academy_1557
1744,districtboundarydong_11650108,academy_1563
1745,districtboundarydong_11650108,academy_1567
1746,districtboundarydong_11650108,academy_1569
1747,districtboundarydong_11650108,academy_1572
1748,districtboundarydong_11650108,academy_1574
1749,districtboundarydong_11650108,academy_1576
1750,districtboundarydong_11650108,academy_1579
1751,districtboundarydong_11650108,academy_1586
1752,districtboundarydong_11650108,academy_1591
1753,districtboundarydong_11650108,academy_1592
1754,districtboundarydong_11650108,academy_1595
1755,districtboundarydong_11650108,academy_1597
1756,districtboundarydong_11650108,academy_1602
1757,districtboundarydong_11650108,academy_1605
1758,districtboundarydong_11650108,academy_1607
1759,districtboundarydong_11650108,academy_1608
1760,districtboundarydong_11650108,academy_1610
1761,districtboundarydong_11650108,academy_1615
1762,districtboundarydong_11650108,academy_1617
1763,districtboundarydong_11650108,academy_1621
1764,districtboundarydong_11650108,academy_1627
1765,districtboundarydong_11650108,academy_1628
1766,districtboundarydong_11650108,academy_1631
1767,districtboundarydong_11650108,academy_1636
1768,districtboundarydong_11650108,academy_1637
1769,districtboundarydong_11650108,academy_1638
1770,districtboundarydong_11650108,academy_1639
1771,districtboundarydong_11650108,academy_1640
1772,districtboundarydong_11650108,academy_1644
1773,districtboundarydong_11650108,academy_1649
1774,districtboundarydong_11650108,academy_1653
1775,districtboundarydong_11650108,academy_1660
1776,districtboundarydong_11650108,academy_1661
1777,districtboundarydong_11650108,academy_1662
1778,districtboundarydong_11650108,academy_1663
1779,districtboundarydong_11650108,academy_1664
1780,districtboundarydong_11650108,academy_1667
1781,districtboundarydong_11650108,academy_1669
1782,districtboundarydong_11650108,academy_1671
1783,districtboundarydong_11650108,academy_1672
1784,districtboundarydong_11650108,academy_1675
1785,districtboundarydong_11650108,academy_1677
1786,districtboundarydong_11650108,academy_1678
1787,districtboundarydong_11650108,academy_1679
1788,districtboundarydong_11650108,academy_1680
1789,districtboundarydong_11650108,academy_1681
1790,districtboundarydong_11650108,academy_1683
1791,districtboundarydong_11650108,academy_1685
1792,districtboundarydong_11650108,academy_1686
1793,districtboundarydong_11650108,academy_1688
1794,districtboundarydong_11650108,academy_1696
1795,districtboundarydong_11650108,academy_1699
1796,districtboundarydong_11650108,academy_1702
1797,districtboundarydong_11650108,academy_1708
1798,districtboundarydong_11650108,academy_1710
1799,districtboundarydong_11650108,academy_1713
1800,districtboundarydong_11650108,academy_1727
1801,districtboundarydong_11650108,academy_1738
1802,districtboundarydong_11650108,academy_1740
1803,districtboundarydong_11650108,academy_1747
1804,districtboundarydong_11650108,academy_1751
1805,districtboundarydong_11650108,academy_1753
1806,districtboundarydong_11650108,academy_1758
1807,districtboundarydong_11650108,academy_1759
1808,districtboundarydong_11650108,academy_1760
1809,districtboundarydong_11650108,academy_1762
1810,districtboundarydong_11650108,academy_1764
1811,districtboundarydong_11650108,academy_1766
1812,districtboundarydong_11650108,academy_1770
1813,districtboundarydong_11650108,academy_1773
1814,districtboundarydong_11650108,academy_1774
1815,districtboundarydong_11650108,academy_1775
1816,districtboundarydong_11650108,academy_1779
1817,districtboundarydong_11650108,academy_1780
1818,districtboundarydong_11650108,academy_1783
1819,districtboundarydong_11650108,academy_1785
1820,districtboundarydong_11650108,academy_1786
1821,districtboundarydong_11650108,academy_1787
1822,districtboundarydong_11650108,academy_1792
1823,districtboundarydong_11650108,academy_1796
1824,districtboundarydong_11650108,academy_1798
1825,districtboundarydong_11650108,academy_1806
1826,districtboundarydong_11650108,academy_1807
1827,districtboundarydong_11650108,academy_1808
1828,districtboundarydong_11650108,academy_1810
1829,districtboundarydong_11650108,academy_1817
1830,districtboundarydong_11650108,academy_1819
1831,districtboundarydong_11650108,academy_1820
1832,districtboundarydong_11650108,academy_1821
1833,districtboundarydong_11650108,academy_1822
1834,districtboundarydong_11650108,academy_1828
1835,districtboundarydong_11650108,academy_1832
1836,districtboundarydong_11650108,academy_1842
1837,districtboundarydong_11650108,academy_1854
1838,districtboundarydong_11650108,academy_1855
1839,districtboundarydong_11650108,academy_1858
1840,districtboundarydong_11650108,academy_1866
1841,districtboundarydong_11650108,academy_1867
1842,districtboundarydong_11650108,academy_1870
1843,districtboundarydong_11650108,academy_1873
1844,districtboundarydong_11650108,academy_1874
1845,districtboundarydong_11650108,academy_1875
1846,districtboundarydong_11650108,academy_1882
1847,districtboundarydong_11650108,academy_1884
1848,districtboundarydong_11650108,academy_1886
1849,districtboundarydong_11650108,academy_1889
1850,districtboundarydong_11650108,academy_1895
1851,districtboundarydong_11650108,academy_1903
1852,districtboundarydong_11650108,academy_1905
1853,districtboundarydong_11650108,academy_1906
1854,districtboundarydong_11650108,academy_1910
1855,districtboundarydong_11650108,academy_1914
1856,districtboundarydong_11650108,academy_1917
1857,districtboundarydong_11650108,academy_1918
1858,districtboundarydong_11650108,academy_1919
1859,districtboundarydong_11650108,academy_1921
1860,districtboundarydong_11650108,academy_1922
1861,districtboundarydong_11650108,academy_1927
1862,districtboundarydong_11650109,academy_653
1863,districtboundarydong_11650109,academy_655
1864,districtboundarydong_11650109,academy_693
1865,districtboundarydong_11650109,academy_695
1866,districtboundarydong_11650109,academy_698
1867,districtboundarydong_11650109,academy_889
1868,districtboundarydong_11650109,academy_1013
1869,districtboundarydong_11650109,academy_1055
1870,districtboundarydong_11650109,academy_1083
1871,districtboundarydong_11650109,academy_1100
1872,districtboundarydong_11650109,academy_1231
1873,districtboundarydong_11650109,academy_1253
1874,districtboundarydong_11650109,academy_1294
1875,districtboundarydong_11650109,academy_1298
1876,districtboundarydong_11650109,academy_1307
1877,districtboundarydong_11650109,academy_1433
1878,districtboundarydong_11650109,academy_1564
1879,districtboundarydong_11650109,academy_1582
1880,districtboundarydong_11650109,academy_1723
1881,districtboundarydong_11650109,academy_1745
1882,districtboundarydong_11650110,academy_69
1883,districtboundarydong_11650111,academy_370
1884,districtboundarydong_11650111,academy_762
1885,districtboundarydong_11650111,academy_819
1886,districtboundarydong_11650111,academy_1062
1887,districtboundarydong_11650111,academy_1269
1888,districtboundarydong_11650111,academy_1277
1889,districtboundarydong_11650111,academy_1406
1890,districtboundarydong_11650111,academy_1799
