addr,name,lat,lon,sectors,constructor,completion,households,heating,heating_resource,max_floor,min_floor,parking_per_house,parking_lot,community,min_area_supply,max_area_supply,min_area_use,max_area_use,addr_street,apartment_status,slope,taxi_dropoff_ratio,taxi_dropoff_ratio_morning_peak,average_income_year,floor_area_ratio,parking_lot_under,slope_ratio,pop,pop_density_10s,pop_ratio_50s,pop_ratio_60s_man,uuid
서울시 서초구 반포동 20-43,반포자이,37.507538,127.013605,44동,GS건설(주),2009,3410,지역난방,열병합,29층,20층,1.78,0,1,84.23,301.38,59.97,244.97,서울시 서초구 신반포로 270,아파트,1,46.03,12.9,15188,1100,1,4,480,0.133333333,0.135416667,0.095833333,apartment_1165010710
서울시 서초구 반포동 2-12,아크로리버파크,37.506089,126.993312,15동,대림산업(주),2016,1612,지역난방,열병합,38층,3층,1.84,0,0,78.68,318.75,59.95,234.97,서울시 서초구 신반포로15길 19,아파트,1,42.86,28.57,19757,500,0,6,670,0.119402985,0.13880597,0.053731343,apartment_1165010711
서울시 서초구 반포동 18-1,래미안퍼스티지,37.503005,126.999724,28동,삼성물산(주),2009,2444,지역난방,열병합,32층,23층,1.78,0,1,86.57,268.8,59.89,222.76,서울시 서초구 반포대로 275,아파트,1,37.5,20,15454,900,1,4,546,0.184981685,0.13003663,0.045787546,apartment_1165010709
서울시 서초구 잠원동 73,신반포2차,37.509497,127.001148,13동,한신공영(주),1978,1572,지역난방,열병합,12층,12층,2.09,1,0,74.18,164.72,68.91,150.58,서울시 서초구 신반포로23길 41,재건축,1,50,33.33,23294,1100,0,1,539,0.161410019,0.181818182,0.063079777,apartment_1165010643
서울시 서초구 서초동 1335,서초그랑자이,37.489133,127.025992,9동,지에스건설(주),2021,1446,지역난방,열병합,35층,30층,2,0,1,83.85,192.97,59.98,148.5,서울시 서초구 효령로 391,아파트,1,42.86,33.33,10090,800,1,4,597,0.118927973,0.145728643,0.048576214,apartment_1165010860
서울시 서초구 잠원동 70,신반포4차,37.508702,127.006283,12동,한신공영(주),1979,1212,지역난방,열병합,13층,12층,1,1,0,103.57,168.64,96.48,155,서울시 서초구 잠원로 37-48,재건축,1,50,50,11897,800,1,1,417,0.131894484,0.172661871,0.064748201,apartment_1165010638
서울시 서초구 반포동 30-26,반포리체,37.503762,127.013485,9동,"삼성물산(주),대림산업",2011,1119,지역난방,열병합,35층,30층,1.5,0,1,84.73,172.28,59.99,138.72,서울시 서초구 고무래로 35,아파트,1,50,50,16347,1100,1,2,436,0.174311927,0.135321101,0.025229358,apartment_1165010714
서울시 서초구 서초동 1755,래미안리더스원,37.490773,127.028121,12동,삼성물산(주),2020,1317,지역난방,열병합,35층,15층,1.91,1,1,84.03,299.89,59.97,238.73,서울시 서초구 서운로 62,아파트,1,36.23,16.33,2439,1300,1,2,665,0.094736842,0.108270677,0.054135338,apartment_1165010857
서울시 서초구 서초동 1685,삼풍,37.499179,127.016033,24동,"현대,우성",1988,2390,지역난방,열병합,15층,9층,1.58,1,0,107.48,192.9,79.47,165.92,서울시 서초구 서초중앙로 200,아파트,1,19.23,5,3920,1200,0,5,502,0.12749004,0.161354582,0.069721116,apartment_1165010851
서울시 서초구 반포동 1124,반포주공1단지,37.500802,126.988428,99동,대한주택공사,1973,3590,중앙난방,도시가스,6층,5층,0.55,1,1,72.73,204.96,72.51,196.8,서울시 서초구 신반포로 32,재건축,1,30,28.57,4892,400,0,1,517,0.13926499,0.20696325,0.059961315,apartment_1165010703
서울시 서초구 반포동 60-4,반포미도1차,37.502254,127.008811,8동,한보그룹,1987,1260,지역난방,열병합,15층,15층,1.07,1,0,110.46,110.46,84.96,84.96,서울시 서초구 서초중앙로29길 28,아파트,1,38.89,10,13619,700,1,9,396,0.176767677,0.138888889,0.060606061,apartment_1165010717
서울시 서초구 우면동 773,서초힐스,37.45746,127.018151,12동,(주)서희건설,2012,1082,개별난방,도시가스,25층,12층,1.17,0,1,81.96,116.29,59.89,84.98,서울시 서초구 양재대로2길 90,아파트,1,50,50,13433,200,0,4,583,0.140651801,0.238421955,0.037735849,apartment_1165010312
서울시 서초구 서초동 1682,서초래미안,37.498528,127.019039,13동,삼성물산,2003,1129,개별난방,열병합,27층,10층,1.61,1,0,112.73,167.09,84.95,127.66,서울시 서초구 서초대로65길 13-10,아파트,1,42.86,28.57,9900,900,0,7,441,0.213151927,0.19047619,0.038548753,apartment_1165010849
서울시 서초구 내곡동 411,서초더샵포레,37.452674,127.063435,26동,(주)포스코건설,2014,1264,개별난방,도시가스,20층,2층,1.39,0,0,80.7,153.1,59.69,114.71,서울시 서초구 헌릉로8길 58,아파트,0,50,50,11823,100,1,7,690,0.097101449,0.120289855,0.043478261,apartment_1165010901
서울시 서초구 내곡동 384,서초포레스타2단지,37.455377,127.06122,13동,"고려개발(주),동원건설산업(주)",2015,1077,개별난방,도시가스,21층,11층,1.1,1,1,87.56,124.35,59.09,84.87,서울시 서초구 헌릉로8길 45,아파트,1,50,50,15336,100,0,3,604,0.069536424,0.130794702,0.067880795,apartment_1165010902
서울시 서초구 우면동 717,서초네이처힐3단지,37.464722,127.027902,17동,진흥기업(주),2013,1251,개별난방,도시가스,19층,12층,1.13,0,1,112.06,151.95,84.61,114.79,서울시 서초구 태봉로2길 60,아파트,1,50,33.33,9064,100,0,2,409,0.183374083,0.105134474,0.029339853,apartment_1165010307
서울시 서초구 반포동 1-1번지 일원,래미안원베일리,37.5068,126.998185,23동,삼성물산㈜,2023,2990,지역난방,열병합,35층,11층,1.82,0,1,62.68,315.31,46.93,234.96,서울시 서초구 반포동 1-1번지 일원,아파트분양권,1,50,50,20090,1100,0,7,20,0.25,0,0,apartment_1165010726
서울시 서초구 반포동 1341,반포래미안아이파크,37.501879,127.013411,11동,"에이치디씨현대산업개발(주),삼성물산(주)",2018,829,지역난방,열병합,34층,9층,1.6,1,1,77.27,196.96,49.84,150.96,서울시 서초구 서초중앙로 220,아파트,1,38.89,23.08,6785,700,0,5,540,0.042592593,0.101851852,0.035185185,apartment_1165010706
서울시 서초구 잠원동 162,반포센트럴자이,37.507069,127.001701,7동,지에스건설(주),2020,757,지역난방,열병합,35층,20층,1.58,0,1,82.17,155.55,59.97,114.96,서울시 서초구 반포대로 310-6,아파트,1,50,50,13884,1100,0,2,432,0.143518519,0.159722222,0.048611111,apartment_1165010648
서울시 서초구 잠원동 157,동아,37.509144,127.010552,8동,동아건설산업(주),2002,991,개별난방,도시가스,20층,6층,1.03,1,0,81.33,109.07,59.8,84.91,서울시 서초구 신반포로33길 15,아파트,1,30.43,11.11,10566,1100,1,3,567,0.162257496,0.186948854,0.035273369,apartment_1165010646
서울시 서초구 서초동 1311-10,서초푸르지오써밋,37.501348,127.021151,7동,(주)대우건설,2017,907,지역난방,열병합,35층,11층,1.41,1,1,80.96,160.83,59.62,120.98,서울시 서초구 서운로 201,아파트,1,37.84,20,12365,1100,0,4,502,0.119521912,0.11752988,0.057768924,apartment_1165010802
서울시 서초구 방배동 1028-1,방배그랑자이,37.476841,126.999627,8동,지에스건설(주),2021,758,지역난방,열병합,20층,16층,1.98,0,1,72.91,170.8,54.99,133.87,서울시 서초구 방배로 21,아파트,1,60,54.55,4029,700,1,6,397,0.073047859,0.153652393,0.065491184,apartment_1165010140
서울시 서초구 반포동 1342,반포써밋,37.50156,127.017953,8동,(주)대우건설,2018,764,지역난방,열병합,35층,9층,1.56,0,1,77.86,170.68,59.32,133.04,서울시 서초구 고무래로 89,아파트,1,40.63,25,16905,1200,0,3,608,0.141447368,0.131578947,0.0625,apartment_1165010713
서울시 서초구 잠원동 159,아크로리버뷰신반포,37.514868,127.007489,5동,대림산업(주),2018,595,개별난방,도시가스,35층,28층,1.49,0,1,109.57,117.92,78.48,84.82,서울시 서초구 잠원로 117,아파트,1,43.33,7.14,6325,1000,0,1,606,0.128712871,0.196369637,0.037953795,apartment_1165010603
서울시 서초구 서초동 1312-3,롯데캐슬클래식,37.500515,127.021806,15동,롯데건설(주),2006,990,지역난방,열병합,27층,15층,1.45,0,0,94.91,154.9,74.3,133.45,서울시 서초구 서운로 197,아파트,1,21.82,10,13936,1100,1,3,563,0.152753108,0.190053286,0.069271758,apartment_1165010803
서울시 서초구 서초동 1685-3,아크로비스타,37.498694,127.013031,3동,대림산업(주),2004,757,지역난방,열병합,37층,22층,2.7,0,1,128.37,305.47,101.81,242.26,서울시 서초구 서초중앙로 188,아파트,1,51.33,41.67,42915,700,0,4,887,0.117249154,0.215332582,0.064261556,apartment_1165010852
서울시 서초구 잠원동 160,신반포자이,37.510166,127.008408,7동,㈜GS건설,2018,607,지역난방,열병합,28층,23층,1.61,0,1,85.34,203.13,59.35,153.98,서울시 서초구 잠원로 60,아파트,1,38.3,31.82,6130,1100,1,2,406,0.155172414,0.140394089,0.022167488,apartment_1165010604
서울시 서초구 반포동 32-8,디에이치라클라스,37.500695,127.014008,6동,현대건설(주),2021,848,지역난방,열병합,35층,15층,1.8,0,1,69.11,173.86,50.98,132.98,서울시 서초구 서초중앙로 206,아파트,1,46.67,30,6785,1200,0,6,469,0.089552239,0.153518124,0.049040512,apartment_1165010725
서울시 서초구 서초동 1687,유원서초,37.496155,127.018584,4동,유원건설(주),1993,590,지역난방,열병합,18층,12층,0.7,1,0,105.8,105.86,84.82,84.87,서울시 서초구 서초중앙로24길 43,아파트,1,52.17,40.74,15687,900,0,5,613,0.099510604,0.1908646,0.055464927,apartment_1165010854
서울시 서초구 서초동 1754,래미안서초에스티지S,37.492859,127.027121,5동,삼성물산(주),2018,593,지역난방,열병합,32층,16층,1.44,1,1,111.13,171.74,84.17,134.27,서울시 서초구 서운로 104,아파트,1,39.32,31.94,3601,1300,1,3,577,0.117850953,0.150779896,0.050259965,apartment_1165010855
서울시 서초구 서초동 1333,신동아1차,37.492018,127.023953,6동,신동아건설(주),1978,893,중앙난방,열병합,13층,13층,1,1,1,82.17,170.14,75.86,157.2,서울시 서초구 사임당로 137,재건축,1,39.13,23.53,13611,700,1,2,746,0.124664879,0.1769437,0.057640751,apartment_1165010811
서울시 서초구 양재동 154-2,양재우성,37.474905,127.031343,10동,우성건설,1991,794,중앙난방,도시가스,15층,12층,0.94,1,1,89.42,101.38,73.15,84.91,서울시 서초구 바우뫼로 91,아파트,1,36.36,20.83,12661,500,1,2,526,0.079847909,0.159695817,0.095057034,apartment_1165010201
서울시 서초구 잠원동 56-3,잠원한신,37.516,127.010428,7동,한신공영,1992,540,지역난방,열병합,15층,15층,1,1,0,94.42,94.42,84.52,84.52,서울시 서초구 잠원로 150,아파트,1,36.59,20,9625,900,1,2,648,0.188271605,0.208333333,0.033950617,apartment_1165010619
서울시 서초구 우면동 753,서초호반써밋,37.456552,127.013065,6동,울트라건설(주),2013,550,개별난방,도시가스,25층,21층,2,0,1,128.07,213.47,101.01,165.5,서울시 서초구 양재대로2길 109,아파트,1,54.55,40,17228,0,0,3,530,0.067924528,0.203773585,0.083018868,apartment_1165010311
서울시 서초구 잠원동 158,래미안신반포팰리스,37.515289,127.012151,7동,삼성물산(주),2016,843,지역난방,열병합,35층,15층,1.55,1,1,111.79,169.02,84.42,133.06,서울시 서초구 잠원로8길 35,아파트,1,25,13.33,15241,900,0,2,445,0.166292135,0.186516854,0.035955056,apartment_1165010602
서울시 서초구 방배동 424-28,방배롯데캐슬아르떼,37.483848,126.984676,11동,롯데건설(주),2013,744,개별난방,도시가스,18층,10층,1.57,0,1,84.27,251.51,59.97,216.27,서울시 서초구 방배천로18길 11,아파트,1,20,18.18,7825,400,0,4,579,0.094991364,0.146804836,0.063903282,apartment_1165010116
서울시 서초구 방배동 1344,방배현대홈타운1차,37.489189,126.983417,8동,현대건설(주),1999,644,개별난방,도시가스,20층,11층,1.23,1,1,85.04,163.97,59.94,134.76,서울시 서초구 서초대로1길 30,아파트,1,33.33,16.67,18198,600,0,1,366,0.12568306,0.180327869,0.043715847,apartment_1165010109
서울시 서초구 서초동 1315,진흥,37.497326,127.022911,7동,진흥기업(주),1979,615,지역난방,열병합,15층,15층,1.21,1,0,107.5,172.16,101.32,160.46,서울시 서초구 서초대로 385,아파트,1,45.71,38.46,19360,1000,1,3,608,0.100328947,0.179276316,0.085526316,apartment_1165010804
서울시 서초구 방배동 1008-2,방배래미안아트힐,37.477688,127.005111,10동,삼성물산(주),2004,588,개별난방,도시가스,24층,17층,2.11,0,1,126.48,201.28,105.27,174.5,서울시 서초구 남부순환로 2311-12,아파트,0,12.5,7.69,16445,900,0,6,445,0.080898876,0.195505618,0.101123596,apartment_1165010102
서울시 서초구 서초동 1446-11,현대슈퍼빌,37.482825,127.016089,4동,현대건설(주),2003,645,지역난방,열병합,46층,22층,2.37,0,0,204.96,337.19,147.86,244.66,서울시 서초구 서초중앙로 15,아파트,1,56,50,16829,1100,1,5,661,0.072617247,0.136157337,0.084720121,apartment_1165010829
서울시 서초구 신원동 619,서초포레스타6단지,37.449807,127.055535,11동,계룡건설산업(주),2015,585,개별난방,도시가스,7층,7층,1.05,1,1,86.35,121.75,59.93,84.79,서울시 서초구 청계산로9길 1-12,아파트,1,33.33,12.5,6105,100,1,3,392,0.119897959,0.18622449,0.073979592,apartment_1165011104
서울시 서초구 신원동 579,서초포레스타5단지,37.451524,127.05712,11동,"한신공영(주), 에이스종합건설(주)",2014,547,개별난방,도시가스,17층,5층,1.27,1,1,80.4,154.33,59.93,114.92,서울시 서초구 청계산로7길 43,아파트,0,30.77,5.88,4996,100,1,4,435,0.096551724,0.181609195,0.062068966,apartment_1165011102
서울시 서초구 잠원동 58-16,신반포10차,37.512468,127.01371,5동,한신공영(주),1981,876,지역난방,열병합,12층,12층,0,0,1,57.64,81.69,53.88,76.32,서울시 서초구 나루터로4길 39,재건축,1,50,50,9984,900,0,2,634,0.105678233,0.187697161,0.069400631,apartment_1165010621
서울시 서초구 잠원동 60-3,신반포8차,37.511337,127.012084,9동,한신공영(주),1981,864,지역난방,열병합,12층,12층,0,1,0,56.43,154.86,52.74,143.03,서울시 서초구 나루터로4길 28,재건축,1,50,50,16725,1100,0,1,634,0.105678233,0.187697161,0.069400631,apartment_1165010626
서울시 서초구 잠원동 74-1번지 외 1필지,반포르엘,37.507392,127.003006,7동,롯데건설(주),2022,596,지역난방,열병합,35층,25층,1.77,0,1,79.34,156.21,59.94,121.6,서울시 서초구 잠원동 74-1번지 외 1필지,아파트분양권,1,50,50,17266,1200,1,11,404,0.034653465,0.155940594,0.032178218,apartment_1165010651
서울시 서초구 서초동 1301-6,래미안서초스위트,37.502179,127.020359,3동,삼성물산(주),2009,392,지역난방,열병합,31층,21층,1.28,0,0,80.1,125.96,59.99,95.8,서울시 서초구 서운로 221,아파트,1,37.5,25,24180,1100,0,2,380,0.1,0.160526316,0.042105263,apartment_1165010801
서울시 서초구 서초동 1686-9,서초교대e편한세상,37.496937,127.017375,6동,대림산업(주),2010,435,지역난방,열병합,20층,11층,1.75,0,0,81.47,224.42,59.9,176.35,서울시 서초구 서초중앙로24길 33,아파트,1,40,20,19651,900,0,12,696,0.100574713,0.186781609,0.073275862,apartment_1165010853
서울시 서초구 서초동 1332-13,래미안서초에스티지,37.492833,127.025172,4동,삼성물산(주),2016,421,지역난방,열병합,33층,15층,1.47,0,1,85.16,183.93,59.99,144.99,서울시 서초구 서운로 107,아파트,1,33.33,11.76,14018,700,0,2,611,0.091653028,0.170212766,0.070376432,apartment_1165010810
서울시 서초구 반포동 16-6,반포힐스테이트,37.501541,126.996878,5동,현대건설(주),2012,397,지역난방,열병합,29층,25층,1.76,0,0,86.6,190.99,59.7,155.95,서울시 서초구 신반포로16길 15-20,아파트,1,38.89,27.27,20841,600,0,4,733,0.227830832,0.162346521,0.025920873,apartment_1165010707
서울시 서초구 잠원동 53-15,강변,37.517893,127.012699,4동,한신공영,1987,360,지역난방,도시가스,15층,15층,0.9,0,0,89.35,101.08,66.29,84.53,서울시 서초구 잠원로 166-17,아파트,1,50,30,13696,900,1,3,624,0.190705128,0.137820513,0.025641026,apartment_1165010615
서울시 서초구 우면동 789,LH서초5단지,37.45932,127.025146,3동,울트라건설(주) 외1,2013,358,개별난방,도시가스,25층,13층,1.17,0,1,81.97,116.25,59.93,84.99,서울시 서초구 양재대로2길 11,아파트,1,35.48,15.79,10591,100,1,2,648,0.115740741,0.12808642,0.046296296,apartment_1165010313
서울시 서초구 서초동 1326-17,우성5차,37.494502,127.026894,2동,(주)우성건설,1998,408,지역난방,도시가스,23층,19층,1,0,1,74.48,167.83,57.26,134.91,서울시 서초구 서초대로74길 30,아파트,1,39.77,25.86,21471,1600,1,2,167,0.065868263,0.137724551,0.107784431,apartment_1165010808
서울시 서초구 잠원동 50-5,신반포12차,37.516073,127.014839,3동,수도배관(공용배관) 교체완료(2021년),1982,324,한신공영,(주),12층,12층,0.96,0,0,59.35,114.1,55.45,106.19,서울시 서초구 잠원로14길 41,재건축,1,50,20,3086,600,0,2,717,0.111576011,0.167364017,0.041841004,apartment_1165010611
서울시 서초구 잠원동 63-2,신반포청구,37.514334,127.008403,2동,주식회사 청구,1998,347,개별난방,도시가스,18층,14층,0,0,0,80.09,109.65,59.55,84.86,서울시 서초구 신반포로33길 66,아파트,1,38.1,3.33,10225,900,0,1,467,0.124197002,0.201284797,0.034261242,apartment_1165010633
서울시 서초구 잠원동 55-12,신반포16차,37.517509,127.00991,2동,한신공영(주),1983,396,지역난방,열병합,11층,11층,0,0,0,57.58,91.49,52.32,83.12,서울시 서초구 잠원로 157,아파트,1,24.49,9.09,9647,900,0,6,339,0.08259587,0.138643068,0.017699115,apartment_1165010617
서울시 서초구 방배동 3278,방배아트자이,37.480072,127.002326,5동,지에스건설(주),2018,353,지역난방,열병합,15층,10층,1.62,0,1,80.56,159.29,59.9,126.62,서울시 서초구 명달로9길 57,아파트,1,41.18,30,10067,700,0,6,655,0.091603053,0.145038168,0.038167939,apartment_1165010138
서울시 서초구 방배동 2001,방배현대홈타운2차,37.490473,126.98384,6동,현대건설,2001,384,개별난방,도시가스,20층,14층,1.26,0,0,81.58,176.05,59.86,147.26,서울시 서초구 서초대로1길 34,아파트,1,51.28,39.13,10344,400,1,1,532,0.142857143,0.161654135,0.05075188,apartment_1165010110
서울시 서초구 우면동 788,서초LH4단지,37.458206,127.023515,4동,울트라건설(주),2013,424,개별난방,도시가스,25층,21층,0,0,1,71.15,116.53,51.89,84.99,서울시 서초구 양재대로2길 33,아파트,1,41.38,21.05,11536,100,1,2,566,0.153710247,0.121908127,0.033568905,apartment_1165010314
서울시 서초구 서초동 1330,삼성쉐르빌II,37.49396,127.027795,1동,삼성중공업(주),2002,365,개별난방,도시가스,21층,12층,0.73,0,0,50.59,101.38,35.17,70.49,서울시 서초구 강남대로53길 11,아파트,1,58.54,55,8004,1300,0,1,396,0.015151515,0.098484848,0.022727273,apartment_1165010809
서울시 서초구 신원동 568,서초포레스타3단지,37.454873,127.058977,8동,한신공영(주)외1,2014,482,개별난방,도시가스,19층,9층,1.25,0,1,82.02,155.43,59.93,114.81,서울시 서초구 헌릉로8길 22,아파트,1,20.45,3.13,12935,200,1,5,411,0.065693431,0.187347932,0.077858881,apartment_1165011101
서울시 서초구 잠원동 50-1,롯데캐슬갤럭시2차,37.518663,127.016434,8동,롯데건설주식회사,2004,428,지역난방,열병합,28층,10층,1.99,0,0,128.98,168.28,109.56,148.86,서울시 서초구 잠원로14길 23,아파트,1,50,50,16385,900,0,2,536,0.138059701,0.201492537,0.063432836,apartment_1165010610
서울시 서초구 서초동 1445-14,더샵서초,37.484115,127.018345,3동,(주)포스코건설,2006,329,지역난방,열병합,32층,20층,3.42,0,1,43.93,286.95,30.39,235.86,서울시 서초구 서초중앙로2길 21,아파트,1,58.97,60,18212,1100,1,6,442,0.076923077,0.180995475,0.040723982,apartment_1165010827
서울시 서초구 잠원동 161,래미안신반포리오센트,37.518478,127.013762,6동,삼성물산㈜,2019,475,지역난방,열병합,32층,15층,1.81,0,1,85.91,172.8,59.92,133.37,서울시 서초구 잠원로14길 32,아파트,1,55.56,20,12293,900,1,3,410,0.119512195,0.13902439,0.017073171,apartment_1165010647
서울시 서초구 서초동 1445-4,래미안서초유니빌,37.484562,127.016915,1동,삼성물산(주),2003,440,개별난방,도시가스,24층,18층,0.82,0,1,46.34,90.38,34.05,66.41,서울시 서초구 서초중앙로 26,아파트,1,40.13,36.59,7247,1100,0,4,779,0.02182285,0.132220796,0.037227214,apartment_1165010828
서울시 서초구 서초동 1582-3,서초센트럴아이파크,37.486804,127.011758,2동,현대산업개발(주),2020,318,개별난방,도시가스,33층,33층,1.14,0,1,104.92,107.07,80.5,80.59,서울시 서초구 반포대로18길 36,아파트,1,46.51,33.93,267,600,1,5,1286,0.069984448,0.143856921,0.031104199,apartment_1165010858
서울시 서초구 반포동 60-5,반포미도2차,37.502504,127.007462,3동,한보주택건설,1989,435,지역난방,열병합,15층,15층,1,0,0,76.99,92.94,59.07,71.49,서울시 서초구 사평대로 240,아파트,1,33.33,9.09,5200,900,0,4,611,0.111292962,0.147299509,0.049099836,apartment_1165010718
서울시 서초구 방배동 866-20,방배대우디오빌,37.485971,126.984241,1동,(주)대우건설,2005,412,개별난방,도시가스,22층,4층,1.06,0,0,38.67,50.51,28.84,37.67,서울시 서초구 서초대로 17,아파트,1,41.18,36.36,9165,600,1,4,604,0.051324503,0.135761589,0.033112583,apartment_1165010130
서울시 서초구 잠원동 49-8,한강,37.521491,127.015231,5동,한신공영(주),1989,450,지역난방,열병합,15층,11층,1,0,0,94.84,103.75,76.68,84.53,서울시 서초구 잠원로 213-10,아파트,1,52,31.25,13601,1400,0,2,407,0.137592138,0.221130221,0.051597052,apartment_1165010608
서울시 서초구 방배동 906-13,방배서리풀e-편한세상,37.484312,126.998447,9동,대림산업(주),2010,496,개별난방,도시가스,15층,8층,1.88,0,1,83.92,210.7,59.94,164.46,서울시 서초구 효령로33길 50,아파트,0,45.45,25,19472,400,0,10,512,0.080078125,0.14453125,0.0625,apartment_1165010134
서울시 서초구 방배동 770-1,삼호1차,37.495335,126.987687,3동,삼호,1975,419,지역난방,열병합,12층,12층,2.38,0,0,80.85,164.16,78.02,162.77,서울시 서초구 방배로43길 5,아파트,1,61.54,41.67,11284,700,1,1,488,0.116803279,0.12704918,0.034836066,apartment_1165010123
서울시 서초구 방배동 754-1,롯데캐슬헤론,37.496713,126.984468,5동,롯데건설(주),2006,337,개별난방,도시가스,29층,12층,2.32,0,0,115.58,211.3,95.66,174.89,서울시 서초구 동광로1길 112,아파트,1,44.19,45,5002,400,0,1,1042,0.150671785,0.190019194,0.054702495,apartment_1165010120
서울시 서초구 서초동 1346,현대,37.485942,127.023523,5동,현대산업개발,1989,412,지역난방,열병합,15층,3층,1,0,1,91.52,109.27,62.05,84.8,서울시 서초구 효령로72길 14,아파트,1,28.57,12.5,12989,500,1,3,402,0.114427861,0.154228856,0.059701493,apartment_1165010820
서울시 서초구 우면동 57,대림,37.473128,127.023475,6동,대림산업,1995,412,중앙난방,도시가스,15층,14층,1.58,0,0,155.59,155.59,130.89,130.89,서울시 서초구 바우뫼로7길 51,아파트,0,37.5,33.33,9550,600,1,7,612,0.057189542,0.158496732,0.117647059,apartment_1165010301
서울시 서초구 반포동 70-1,한신서래,37.49929,127.00086,4동,한신공영(주),1987,414,지역난방,열병합,12층,8층,1.29,0,1,67.44,175.47,45.72,147.67,서울시 서초구 사평대로28길 31,아파트,1,47.06,36.36,16364,900,0,8,453,0.092715232,0.174392936,0.072847682,apartment_1165010721
서울시 서초구 방배동 2525,방배우성,37.474417,126.982972,9동,우성건설(주),1989,468,개별난방,도시가스,12층,12층,1,0,0,98.62,138.46,80.2,117.19,서울시 서초구 방배선행길 1,아파트,1,16.67,10,20890,600,1,4,477,0.062893082,0.157232704,0.115303983,apartment_1165010112
서울시 서초구 우면동 59,동고,37.471401,127.023757,5동,(주)동양고속건설,1995,330,개별난방,도시가스,15층,12층,0.85,0,0,96.98,105.47,77.14,84.96,서울시 서초구 바우뫼로7길 29,아파트,0,42.11,40,8504,600,0,7,531,0.075329567,0.128060264,0.065913371,apartment_1165010302
서울시 서초구 잠원동 65-32,신반포7차,37.512227,127.008577,3동,한신공영(주),1980,320,지역난방,열병합,10층,10층,1,0,0,116.4,153.62,107.29,140.04,서울시 서초구 잠원로 88,재건축,1,54.17,28.57,5484,900,0,1,535,0.108411215,0.196261682,0.106542056,apartment_1165010635
서울시 서초구 우면동 737,서초네이처힐6단지,37.461495,127.026712,7동,(주)태영건설,2013,382,개별난방,도시가스,17층,7층,1.12,0,0,81.93,155.53,59.99,114.98,서울시 서초구 태봉로2길 30,아파트,1,31.25,9.09,10730,0,1,2,500,0.118,0.148,0.046,apartment_1165010310
서울시 서초구 서초동 1593-7,서초이오빌,37.486602,127.012987,1동,경남기업(주),2003,462,개별난방,도시가스,24층,24층,0.72,0,0,48.96,78.09,36.66,58.48,서울시 서초구 효령로53길 45,아파트,1,43.59,25,2231,600,1,2,540,0.012962963,0.168518519,0.042592593,apartment_1165010840
서울시 서초구 방배동 725,삼호4차,37.497434,126.989672,6동,삼호주택,1983,481,지역난방,열병합,13층,12층,0,0,0,113.05,202.95,105.04,185.46,서울시 서초구 방배로 270,아파트,1,71.43,72.73,17449,700,0,5,498,0.138554217,0.176706827,0.064257028,apartment_1165010118
서울시 서초구 방배동 1011-1,임광3차,37.476288,127.002687,4동,임광토건(주),1988,316,중앙난방,도시가스,10층,10층,0,0,1,58.25,128.29,44.61,100.82,서울시 서초구 방배로2길 24-6,아파트,0,44.44,33.33,6833,700,1,7,521,0.061420345,0.151631478,0.065259117,apartment_1165010103
서울시 서초구 방배동 1015,"임광1,2차",37.476908,127.002419,6동,임광토건(주),1985,418,중앙난방,도시가스,11층,11층,1.1,0,0,116.28,160.67,84.78,136.38,서울시 서초구 방배로 14,아파트,0,54.55,25,11318,700,0,6,413,0.101694915,0.15496368,0.0968523,apartment_1165010104
서울시 서초구 방배동 2626,방배래미안,37.47268,126.984172,9동,삼성물산(주),2003,303,개별난방,도시가스,10층,7층,1.26,0,0,78.51,135.51,59.9,114.94,서울시 서초구 방배선행길 2,아파트,0,50,50,5950,600,0,9,429,0.104895105,0.172494172,0.058275058,apartment_1165010113
서울시 서초구 방배동 485-3,방배래미안타워,37.47484,126.991265,4동,삼성물산(주),2005,344,개별난방,도시가스,22층,22층,1.86,0,1,124.65,158.44,102.93,134.96,서울시 서초구 남부순환로 2183,아파트,0,41.67,15.38,15767,500,0,3,507,0.116370809,0.236686391,0.063116371,apartment_1165010117
서울시 서초구 방배동 1038,대우효령,37.479789,126.993675,6동,대우(주),1992,364,개별난방,도시가스,13층,11층,1,0,0,97.39,97.39,84.91,84.91,서울시 서초구 효령로 84,아파트,0,53.85,35.71,6179,400,1,14,426,0.124413146,0.192488263,0.061032864,apartment_1165010108
서울시 서초구 방배동 1018-1,삼익,37.479459,127.001481,4동,삼익주택건설,1981,408,중앙난방,도시가스,15층,12층,1.08,0,0,94.54,163.47,88.26,151.54,서울시 서초구 효령로34길 79,아파트,1,50,25,11915,700,1,4,609,0.090311987,0.185550082,0.047619048,apartment_1165010105
서울시 서초구 방배동 988-1,신동아,37.481269,127.001343,6동,신동아건설(주),1982,493,중앙난방,도시가스,15층,13층,1,1,0,109.43,199.34,102.65,175.14,서울시 서초구 효령로 164,아파트,1,63.64,40,13433,400,0,3,481,0.054054054,0.155925156,0.112266112,apartment_1165010139
서울시 서초구 우면동 720,서초네이처힐4단지,37.463718,127.02631,7동,진흥기업(주),2011,409,개별난방,도시가스,15층,14층,1.14,0,0,115.84,163.44,84.61,114.93,서울시 서초구 태봉로2길 65,아파트,1,45.71,28.57,6152,100,0,3,530,0.167924528,0.101886792,0.039622642,apartment_1165010308
서울시 서초구 잠원동 58-24,신반포11차,37.510287,127.013648,4동,한신공영(주),1981,398,지역난방,열병합,12층,11층,2,0,1,82.34,154.86,76.4,143.03,서울시 서초구 나루터로4길 61,재건축,1,50,50,1060,1100,1,3,634,0.105678233,0.187697161,0.069400631,apartment_1165010623
서울시 서초구 신원동 615,서초포레스타7단지,37.448747,127.056906,10동,"한신공영(주), 에이스종합건설(주)",2013,310,개별난방,도시가스,7층,6층,0,0,1,87.67,123.42,59.81,84.79,서울시 서초구 청계산로11길 7-12,아파트,1,18.18,11.11,7968,100,0,4,364,0.054945055,0.098901099,0.046703297,apartment_1165011103
서울시 서초구 잠원동 71-1,블루힐하우스,37.511737,127.006039,1동,(주)청구,1999,125,개별난방,도시가스,19층,14층,1.03,0,1,80.07,113.1,59.85,84.54,서울시 서초구 잠원로 85,아파트,1,49.09,36.11,13309,800,1,2,450,0.16,0.155555556,0.04,apartment_1165010639
서울시 서초구 서초동 1681-8,서초롯데캐슬프레지던트,37.496912,127.019738,3동,롯데건설(주),2014,280,지역난방,열병합,31층,25층,1.53,0,1,111.05,187.11,84.97,149.45,서울시 서초구 서초중앙로24길 57,아파트,1,47.92,28.57,24732,1000,1,11,435,0.112643678,0.218390805,0.068965517,apartment_1165010848
서울시 서초구 서초동 1641-13,아남,37.492965,127.020717,2동,아남건설(주),1988,166,지역난방,열병합,13층,11층,0.92,0,0,92.08,103.18,71.1,84.96,서울시 서초구 사임당로23길 53,아파트,1,37.5,23.53,13534,700,0,6,461,0.125813449,0.151843818,0.047722343,apartment_1165010844
서울시 서초구 반포동 30-15,반포센트레빌아스테리움,37.503301,127.016172,2동,동부건설(주),2021,108,지역난방,열병합,20층,19층,1.62,0,1,76.58,114.62,59.99,88.93,서울시 서초구 사평대로 310-4,아파트,1,54.55,33.33,16905,1100,1,4,174,0.17816092,0.08045977,0.063218391,apartment_1165010724
서울시 서초구 잠원동 61-2,신반포19차,37.514322,127.010224,2동,한신공영(주),1982,242,지역난방,열병합,11층,11층,0,0,1,88.42,120.96,80.25,109.88,서울시 서초구 잠원로8길 20,재건축,1,36,13.33,12745,900,0,2,667,0.133433283,0.167916042,0.047976012,apartment_1165010632
서울시 서초구 서초동 1648-2,서초현대,37.491021,127.019951,2동,고려산업개발(주),1999,299,지역난방,열병합,16층,8층,1.17,0,0,72.72,144.29,53.01,114.84,서울시 서초구 사임당로19길 10,아파트,1,41.67,14.29,11946,700,1,4,813,0.131611316,0.126691267,0.039360394,apartment_1165010845
서울시 서초구 잠원동 59-3,잠원현대훼밀리,37.509064,127.012838,1동,현대건설(주),1997,113,개별난방,도시가스,17층,13층,1,0,1,73.43,104.2,59.56,84.52,서울시 서초구 신반포로 261,아파트,1,55.88,52.17,9742,1100,1,7,634,0.105678233,0.187697161,0.069400631,apartment_1165010625
서울시 서초구 서초동 1454-29,서초한신,37.482482,127.013844,2동,한신공영(주),2001,194,개별난방,도시가스,15층,8층,1.46,0,0,113.63,147.27,84.99,115.3,서울시 서초구 남부순환로323길 38-15,아파트,1,56.52,45.45,6140,600,1,3,543,0.116022099,0.197053407,0.066298343,apartment_1165010830
서울시 서초구 잠원동 63-34,한신로얄,37.513356,127.009021,2동,한신공영(주),1992,208,지역난방,도시가스,13층,10층,1.15,0,0,90.37,93.78,81.05,84.56,서울시 서초구 신반포로33길 64,아파트,1,34.78,7.14,10150,900,1,2,609,0.157635468,0.180623974,0.037766831,apartment_1165010634
서울시 서초구 잠원동 60-4,한신타운,37.50951,127.01147,1동,한신공영,1989,110,지역난방,열병합,15층,9층,0,0,1,79.93,98.02,63.94,78.39,서울시 서초구 나루터로4길 70-5,아파트,1,36.84,23.53,6130,1100,1,2,258,0.108527132,0.120155039,0.065891473,apartment_1165010627
서울시 서초구 우면동 70,코오롱,37.472577,127.027654,6동,코오롱건설(주),1994,300,개별난방,도시가스,6층,6층,1.02,0,0,73.06,73.06,52.47,52.47,서울시 서초구 바우뫼로 53,아파트,1,62.92,44.74,9329,500,0,4,584,0.035958904,0.160958904,0.063356164,apartment_1165010304
서울시 서초구 우면동 67,우면한라,37.471696,127.025664,7동,한라건설(주),1994,252,개별난방,도시가스,6층,6층,0.87,0,1,78.93,78.93,59.98,59.98,서울시 서초구 바우뫼로 33,아파트,1,67.36,92.16,12082,500,0,3,643,0.069984448,0.135303266,0.074650078,apartment_1165010303
서울시 서초구 잠원동 71-11,반포한신타워,37.51098,127.00606,2동,한신공영(주),1996,250,중앙난방,열병합,18층,8층,1,0,0,83.77,159.58,59.4,131.99,서울시 서초구 잠원로3길 8,아파트,1,55.56,33.33,5619,800,0,3,686,0.150145773,0.134110787,0.039358601,apartment_1165010640
서울시 서초구 서초동 1487-63,서초e-편한세상1차,37.481181,127.006941,2동,대림산업(주),2004,154,개별난방,도시가스,15층,6층,2.03,0,1,158.86,158.86,130.53,130.53,서울시 서초구 명달로6길 31,아파트,1,27.03,11.11,26592,500,0,5,469,0.142857143,0.215351812,0.089552239,apartment_1165010833
서울시 서초구 잠원동 71-12,킴스빌리지,37.510812,127.00647,1동,시대종합건설,1996,160,개별난방,도시가스,15층,14층,0.86,0,0,34.79,55.09,23.7,37.58,서울시 서초구 잠원로3길 6,아파트,1,57.14,33.33,5619,800,0,2,404,0.034653465,0.155940594,0.032178218,apartment_1165010641
서울시 서초구 서초동 1671-5,서초리시온,37.49346,127.01552,1동,대림산업(주),2003,293,개별난방,도시가스,14층,8층,0.8,0,0,33.21,100.47,25.98,78.58,서울시 서초구 서초중앙로22길 25,아파트,1,46.85,54.88,8652,500,0,1,315,0,0.158730159,0.082539683,apartment_1165010846
서울시 서초구 잠원동 50,롯데캐슬갤럭시1차,37.520366,127.016502,5동,롯데건설(주),2002,256,개별난방,열병합,25층,14층,1.83,0,0,140.41,193.84,106.15,151.11,서울시 서초구 잠원로14길 3,아파트,1,42.55,18.75,12661,900,1,3,454,0.171806167,0.213656388,0.072687225,apartment_1165010609
서울시 서초구 서초동 1620-20,서초롯데캐슬리버티,37.48748,127.01673,3동,롯데건설주식회사,2005,132,개별난방,도시가스,12층,7층,1.74,0,1,81.94,152.02,62.85,126.52,서울시 서초구 사임당로10길 39,아파트,1,62.07,50,13442,600,1,6,397,0.093198992,0.153652393,0.075566751,apartment_1165010841
서울시 서초구 서초동 1338,현대ESA,37.490982,127.029439,1동,현대건설(주),2002,122,중앙난방,도시가스,18층,12층,1.76,0,1,131.58,215.62,100.06,163.95,서울시 서초구 효령로77길 20,아파트,1,35.29,25.27,17669,1300,1,1,384,0.140625,0.197916667,0.041666667,apartment_1165010817
서울시 서초구 잠원동 54-7,신화,37.515721,127.013735,1동,신화건설(주),1997,166,개별난방,도시가스,18층,16층,1,0,0,76.94,109.7,57.33,84.85,서울시 서초구 잠원로14길 54,아파트,1,32.69,26.67,8175,900,1,1,487,0.168377823,0.141683778,0.034907598,apartment_1165010616
서울시 서초구 잠원동 58,금호베스트빌,37.514715,127.014155,2동,금호산업(주),2002,117,지역난방,열병합,17층,9층,1.84,0,1,101.34,166.07,84.97,140.36,서울시 서초구 나루터로 46,아파트,1,38.64,29.63,7026,600,0,2,375,0.136,0.208,0.064,apartment_1165010620
서울시 서초구 서초동 1326,삼성서초가든스위트,37.494845,127.02585,3동,삼성물산(주)주택부문,2000,141,중앙난방,도시가스,23층,2층,5.11,0,1,236.14,355.48,162.73,244.97,서울시 서초구 서운로 122,아파트,1,45.12,27.45,3601,1600,1,3,613,0.061990212,0.150081566,0.08319739,apartment_1165010807
서울시 서초구 우면동 735,서초네이처힐7단지,37.461908,127.023282,5동,(주)태영건설,2011,275,개별난방,도시가스,17층,5층,1.12,0,0,85.73,120.25,59.99,84.77,서울시 서초구 태봉로2길 10,아파트,1,23.08,11.11,4188,100,1,4,635,0.077165354,0.097637795,0.062992126,apartment_1165010309
서울시 서초구 잠원동 56-2,신반포27차,37.515948,127.009682,1동,한신공영(주),1985,156,지역난방,열병합,12층,12층,0.5,0,0,58.06,118.82,53.46,84.49,서울시 서초구 잠원로8길 3,아파트,1,29.31,16.13,775,900,1,2,295,0.054237288,0.142372881,0.020338983,apartment_1165010618
서울시 서초구 서초동 1684,서초현대4차,37.500145,127.017344,3동,현대산업개발(주),2000,160,지역난방,열병합,18층,9층,1.48,0,0,67.04,172.27,52.36,140.03,서울시 서초구 고무래로 94,아파트,1,51.22,32.14,16042,1200,0,8,80,0.1625,0.0875,0,apartment_1165010850
서울시 서초구 서초동 1316-15,현대성우,37.498107,127.024443,1동,성우종합건설(주),2002,138,지역난방,열병합,24층,6층,2.56,0,1,156.17,285.61,133.48,244.14,서울시 서초구 강남대로61길 23,아파트,1,64,68.33,14811,1000,0,3,564,0.115248227,0.182624113,0.067375887,apartment_1165010805
서울시 서초구 서초동 1337-22,서초대우디오빌프라임,37.4916,127.030121,1동,(주)대우건설,2005,112,개별난방,도시가스,15층,15층,1.75,0,1,56.35,107.6,44.5,84.97,서울시 서초구 강남대로 321,아파트,1,37.22,35.53,8868,1300,1,1,277,0.061371841,0.140794224,0.039711191,apartment_1165010815
서울시 서초구 신원동 557,힐스테이트서초젠트리스,37.456285,127.057657,9동,현대엔지니어링주식회사,2014,256,개별난방,도시가스,9층,5층,1.51,0,1,114.32,153.03,84.95,114.9,서울시 서초구 헌릉로8길 10-12,아파트,1,16.67,12.5,3380,200,0,5,677,0.048744461,0.197932053,0.104874446,apartment_1165011105
서울시 서초구 서초동 1641-1,서초삼성래미안,37.493179,127.019471,3동,삼성물산(주),2001,299,지역난방,열병합,16층,16층,1.59,0,0,108.06,191.27,84.89,150.25,서울시 서초구 사임당로17길 116,아파트,1,37.5,33.33,11610,500,1,11,560,0.096428571,0.175,0.071428571,apartment_1165010843
서울시 서초구 반포동 10,반포푸르지오,37.503757,126.995819,3동,(주)대우,2000,237,개별난방,도시가스,12층,12층,1.05,0,1,64.17,108.81,50.02,84.82,서울시 서초구 신반포로15길 4,아파트,1,52.78,55.56,7158,500,1,2,697,0.18794835,0.164992826,0.034433286,apartment_1165010701
서울시 서초구 서초동 1344-13,서초트라팰리스,37.486801,127.028329,3동,삼성물산(주),2005,257,개별난방,열병합,25층,11층,1.66,0,1,93.71,198.6,73.42,155.55,서울시 서초구 효령로72길 57,아파트,1,46.67,39.39,23059,800,1,3,695,0.113669065,0.155395683,0.048920863,apartment_1165010819
서울시 서초구 방배동 923-6,방배아크로타워,37.483208,126.995144,2동,대림산업㈜,2007,116,개별난방,도시가스,10층,10층,1.64,0,1,65.64,110.9,51.35,84.96,서울시 서초구 방배로13길 18,아파트,1,42.86,23.08,6600,400,0,2,390,0.051282051,0.151282051,0.051282051,apartment_1165010135
서울시 서초구 잠원동 71-17,잠원중앙하이츠(B동),37.51006,127.004806,1동,중앙건설,1998,126,개별난방,도시가스,16층,16층,1,0,1,83.33,104.9,59.93,75.44,서울시 서초구 잠원로3길 20,아파트,1,63.64,50,18472,800,0,3,517,0.143133462,0.123791103,0.032882012,apartment_1165010642
서울시 서초구 방배동 752-36,방배아크로리버,37.497695,126.984444,4동,대림산업(주),2004,222,개별난방,도시가스,25층,24층,1.68,0,0,98.9,174.16,84.74,149.22,서울시 서초구 방배중앙로 207-10,아파트,1,50,38.89,12005,400,1,2,290,0.144827586,0.237931034,0.072413793,apartment_1165010119
서울시 서초구 방배동 797-30,방배e-편한세상3차,37.494386,126.991489,5동,대림산업(주),2006,192,개별난방,도시가스,15층,9층,3.3,0,1,231.63,277.18,198.53,244.87,서울시 서초구 동광로 89-5,아파트,0,63.64,50,155896,500,1,7,517,0.061895551,0.17794971,0.094777563,apartment_1165010126
서울시 서초구 서초동 1334-1,신동아2차,37.490504,127.026042,1동,신동아건설,1979,104,지역난방,열병합,13층,13층,1,0,0,156.46,183.98,144.41,169.55,서울시 서초구 서운로 79,재건축,1,33.33,30,16684,1300,0,2,298,0.087248322,0.174496644,0.097315436,apartment_1165010812
서울시 서초구 서초동 1444-7,서초자이,37.484985,127.020109,4동,지에스건설(주),2006,184,지역난방,열병합,18층,12층,2.09,0,1,106.97,184.32,84.98,148.83,서울시 서초구 효령로68길 81,아파트,1,52.63,41.67,19482,600,1,4,493,0.056795132,0.15821501,0.103448276,apartment_1165010825
서울시 서초구 서초동 1337-3,강남역푸르지오시티(도시형),37.49169,127.028989,1동,(주)대우건설,2014,137,개별난방,도시가스,8층,8층,0.18,0,1,29.4,33.92,20.33,23.45,서울시 서초구 효령로77길 30,아파트,1,32.03,23.86,8868,1300,1,1,825,0.006060606,0.052121212,0.014545455,apartment_1165010816
서울시 서초구 반포동 64-5,현대동궁,37.500412,127.001891,1동,현대산업개발(주),1991,224,지역난방,열병합,15층,9층,1,0,0,82.31,96.28,70.38,82.35,서울시 서초구 사평대로 154,아파트,1,60,50,10692,900,1,9,570,0.085964912,0.135087719,0.068421053,apartment_1165010719
서울시 서초구 방배동 1030-1,삼호한숲,37.477643,126.998746,1동,(주)삼호,1998,116,개별난방,도시가스,15층,5층,1.17,0,1,80.16,139.2,59.98,114.52,서울시 서초구 방배로3길 10-3,아파트,0,50,40,11674,700,0,5,315,0.06984127,0.171428571,0.047619048,apartment_1165010107
서울시 서초구 서초동 1350-13,동원베네스트,37.485282,127.026641,2동,(주)동원이엔씨,2002,126,개별난방,도시가스,15층,11층,1.3,0,0,105.53,142.48,84.9,120.81,서울시 서초구 효령로74길 57,아파트,1,46.15,7.14,8195,800,1,3,341,0.123167155,0.219941349,0.055718475,apartment_1165010821
서울시 서초구 반포동 65-1,신반포궁전,37.500365,127.000569,2동,한신공영,1984,108,지역난방,열병합,10층,10층,0.5,0,1,128.67,225.47,117.11,205.22,서울시 서초구 사평대로 142,아파트,1,50,30.77,23029,900,1,6,331,0.099697885,0.141993958,0.102719033,apartment_1165010720
서울시 서초구 잠원동 61-1,신반포25차,37.51501,127.009547,2동,한신공영,1984,169,지역난방,도시가스,13층,13층,0,0,1,113.97,126.22,84.49,117.06,서울시 서초구 잠원로 136,아파트,1,15.15,4.17,3300,900,1,1,468,0.132478632,0.173076923,0.085470085,apartment_1165010631
서울시 서초구 서초동 1338-1,풍림아이원플러스,37.490473,127.029932,1동,풍림산업(주),2004,200,개별난방,도시가스,15층,13층,0.5,0,0,37.54,55.79,27.64,41.07,서울시 서초구 효령로77길 14,아파트,1,40.6,35.56,2439,1300,0,1,302,#N/A,0.112582781,0,apartment_1165010818
서울시 서초구 우면동 707,서초네이처힐1단지,37.463664,127.019856,10동,(주)태영건설,2012,178,개별난방,도시가스,7층,5층,1.19,0,0,110.25,148.68,84.73,114.71,서울시 서초구 형촌길 35,아파트,1,28.57,20,7376,200,1,4,424,0.096698113,0.181603774,0.063679245,apartment_1165010305
서울시 서초구 양재동 160-2,양재우성KBS(113동),37.477814,127.028942,1동,(주)우성건설,1996,150,개별난방,도시가스,14층,11층,0.64,0,0,102.54,102.54,84.69,84.69,서울시 서초구 바우뫼로 91,아파트,0,40,33.33,16194,800,1,2,429,0.116550117,0.212121212,0.06993007,apartment_1165010202
서울시 서초구 잠원동 65-8,잠원한신그린,37.513292,127.007948,1동,한신공영 주식회사,1993,150,지역난방,LPG,15층,15층,0.9,0,0,96.5,96.5,84.89,84.89,서울시 서초구 신반포로33길 71,아파트,1,38.46,23.53,17719,1000,1,2,453,0.156732892,0.185430464,0.057395143,apartment_1165010637
서울시 서초구 방배동 758-4,삼호2차,37.496151,126.987247,5동,삼호,1976,264,지역난방,열병합,12층,12층,0.37,0,1,137.63,191.79,127.94,179.08,서울시 서초구 방배로43길 2,아파트,1,46.43,25,17507,700,0,1,578,0.143598616,0.193771626,0.034602076,apartment_1165010122
서울시 서초구 서초동 1509-1,서초한빛삼성,37.488406,127.007863,2동,삼성중공업(주),1999,264,개별난방,도시가스,18층,7층,1.36,0,0,84.96,140.87,59.52,110.59,서울시 서초구 서초대로40길 72,아파트,1,62.96,50,4839,500,1,1,670,0.101492537,0.22238806,0.07761194,apartment_1165010835
서울시 서초구 서초동 1316-31,밀라텔쉐르빌(엠쉐르빌),37.498713,127.025064,1동,삼성중공업(주),2001,125,개별난방,도시가스,23층,23층,1.02,0,1,42.38,127.22,32.66,97.98,서울시 서초구 강남대로61길 17,아파트,1,68.8,81.48,4881,1100,0,2,564,0.115248227,0.182624113,0.067375887,apartment_1165010806
서울시 서초구 서초동 1583-10,서초아트자이,37.485687,127.011371,4동,지에스건설(주),2009,164,개별난방,도시가스,25층,20층,3.02,0,1,181.1,336.7,144.31,267.1,서울시 서초구 반포대로 58,아파트,1,40.96,42.31,23265,600,1,4,448,0.109375,0.216517857,0.095982143,apartment_1165010839
서울시 서초구 반포동 46,엠브이,37.49914,127.010255,1동,한보철강공업(주),1994,154,개별난방,도시가스,18층,10층,0.94,0,0,74.52,162.23,59.82,129.93,서울시 서초구 고무래로10길 39,아파트,1,40,41.67,6844,700,0,3,410,0.109756098,0.129268293,0.051219512,apartment_1165010716
서울시 서초구 잠원동 51,잠원훼미리,37.5192,127.01462,3동,한신공영(주),1992,288,지역난방,열병합,18층,15층,2,0,0,101.05,103.17,84.38,84.9,서울시 서초구 잠원로 202-11,아파트,1,47.76,19.23,12293,900,1,2,550,0.156363636,0.165454545,0.047272727,apartment_1165010612
서울시 서초구 방배동 899-16,방배브라운스톤,37.48693,126.995264,3동,이수건설(주),2005,145,개별난방,도시가스,15층,12층,1.34,0,1,94.56,143.07,75.49,114.65,서울시 서초구 서초대로26길 19,아파트,1,47.06,57.14,10747,400,1,7,438,0.130136986,0.187214612,0.043378995,apartment_1165010133
서울시 서초구 서초동 1363-25,한라비발디스튜디오193(도시형),37.485768,127.032051,1동,한라건설(주),2013,149,개별난방,도시가스,12층,11층,0.44,0,1,32.02,63.86,19.8,40.19,서울시 서초구 강남대로39길 15-10,아파트,1,55.81,43.48,11368,600,0,7,576,0.057291667,0.097222222,0.050347222,apartment_1165010823
서울시 서초구 방배동 866-10,방배마에스트로,37.486006,126.983863,1동,(주)한미글로벌건축사사무소,2019,118,개별난방,도시가스,27층,26층,0.66,0,1,38.91,77.44,25.48,51.53,서울시 서초구 서초대로 13,아파트,1,45.35,40.74,11595,600,0,2,509,0.094302554,0.149312377,0.029469548,apartment_1165010129
서울시 서초구 서초동 1359-50,롯데캐슬주피터,37.486377,127.030403,2동,롯데건설,2003,110,개별난방,도시가스,12층,9층,2.62,0,1,110.44,197.29,95.33,172.33,서울시 서초구 서운로6길 15-20,아파트,1,37.04,31.58,22392,800,1,3,323,0.123839009,0.204334365,0.077399381,apartment_1165010822
서울시 서초구 잠원동 53,잠원현대,37.51867,127.012904,2동,현대건설(주),1993,238,지역난방,열병합,19층,7층,0.66,0,0,103.77,103.77,84.87,84.87,서울시 서초구 잠원로12길 4,아파트,1,30,12,8883,900,1,2,746,0.190348525,0.158176944,0.050938338,apartment_1165010614
서울시 서초구 방배동 884-21,방배e-편한세상1차,37.487594,126.999224,3동,대림산업(주),2003,199,개별난방,도시가스,15층,13층,2.71,0,0,201.97,224.85,164.25,188.21,서울시 서초구 서초대로34길 34,아파트,0,31.25,18.18,7860,600,0,7,504,0.049603175,0.150793651,0.111111111,apartment_1165010131
서울시 서초구 방배동 849-30,방배롯데캐슬로제,37.490222,126.99462,4동,롯데건설(주),2009,130,개별난방,도시가스,12층,8층,2.98,0,1,202.76,292.65,172.27,244.48,서울시 서초구 방배로26길 41,아파트,1,47.62,18.18,27799,500,0,6,365,0.071232877,0.263013699,0.095890411,apartment_1165010128
서울시 서초구 방배동 776-3,쌍용예가클래식,37.493705,126.987788,3동,쌍용건설(주),1978,216,지역난방,열병합,12층,12층,0.95,0,0,117.07,177.45,89.84,155.44,서울시 서초구 방배로37길 26-9,아파트,1,23.08,20,15936,400,1,1,685,0.167883212,0.157664234,0.056934307,apartment_1165010125
서울시 서초구 반포동 30-1,삼호가든맨션5차,37.504432,127.011689,3동,삼호,1986,168,지역난방,열병합,14층,14층,2.09,0,0,115.6,179.94,98.64,153.54,서울시 서초구 서초중앙로 242,아파트,1,47.37,38.46,10596,1100,0,2,492,0.180894309,0.182926829,0.083333333,apartment_1165010712
서울시 서초구 잠원동 49-17,신반포18차(337동),37.520054,127.013401,1동,한신공영,1983,182,지역난방,열병합,13층,13층,0.98,0,1,55.63,122.74,50.64,111.75,서울시 서초구 잠원로 195,재건축,1,37.04,18.52,7856,900,0,2,433,0.096997691,0.140877598,0.062355658,apartment_1165010607
서울시 서초구 잠원동 42-13,잠원대우아이빌,37.511452,127.018281,3동,한국구조개발(주),2001,168,개별난방,도시가스,12층,5층,1,0,0,39.6,69.65,27.07,49.06,서울시 서초구 신반포로45길 23,아파트,1,40.43,34.62,6510,700,1,6,414,0,0.144927536,0.041062802,apartment_1165010606
서울시 서초구 서초동 1533,서초한신리빙타워,37.484063,127.009956,1동,한신공영(주),1999,103,개별난방,도시가스,19층,10층,1.58,0,1,56.21,166.85,42.55,126.29,서울시 서초구 효령로 237,아파트,1,52.63,68.75,14719,600,0,3,402,0.124378109,0.194029851,0.059701493,apartment_1165010837
서울시 서초구 방배동 1002-22,삼환나띠르빌,37.4804,127.005188,5동,(주)삼환까뮤,2003,126,개별난방,도시가스,11층,8층,1.26,0,1,105.42,189.26,84.98,148.99,서울시 서초구 명달로 33,아파트,1,52.94,25,13175,900,0,8,358,0.164804469,0.212290503,0.044692737,apartment_1165010101
서울시 서초구 서초동 1529,서초e-편한세상2차,37.486839,127.009015,3동,대림산업(주),2005,159,개별난방,도시가스,15층,8층,1.6,0,0,107.2,152.78,84.67,123.11,서울시 서초구 효령로49길 57,아파트,1,53.85,47.06,17844,600,1,7,485,0.12371134,0.241237113,0.063917526,apartment_1165010836
서울시 서초구 서초동 1445-13,서초쌍용플래티넘,37.484114,127.017169,1동,남광토건(주),2006,109,개별난방,도시가스,21층,20층,3.49,0,1,45.36,107.89,34.67,82.46,서울시 서초구 서초중앙로 18,아파트,1,28.37,23.33,9299,1100,1,3,779,0.02182285,0.132220796,0.037227214,apartment_1165010826
서울시 서초구 서초동 1542-6,현대ESA2,37.491084,127.008524,2동,현대건설,2003,174,중앙난방,도시가스,25층,25층,2.01,0,0,156.01,156.01,136.25,136.25,서울시 서초구 반포대로 122,아파트,1,62.5,59.02,7900,600,0,6,629,0.069952305,0.248012719,0.079491256,apartment_1165010838
서울시 서초구 우면동 712,서초네이처힐2단지,37.462787,127.021688,8동,(주)태영건설,2012,133,개별난방,도시가스,7층,5층,1.15,0,1,78.72,112.2,59.99,84.82,서울시 서초구 형촌길 15,아파트,1,25,20,13502,200,0,5,381,0.186351706,0.162729659,0.044619423,apartment_1165010306
서울시 서초구 잠원동 65-33,신반포22차,37.511665,127.007182,1동,한신공영(주),1983,132,지역난방,열병합,12층,12층,0,0,1,112.73,128.88,104.02,118.9,서울시 서초구 잠원로 86,재건축,1,53.57,35.29,10929,800,0,1,406,0.194581281,0.199507389,0.066502463,apartment_1165010636
서울시 서초구 잠원동 60-6,신반포9차,37.511404,127.010432,2동,한신공영(주),1981,286,지역난방,열병합,12층,12층,0,1,0,81.28,81.28,75.95,75.95,서울시 서초구 신반포로33길 30,재건축,1,80,87.5,6130,1100,1,1,634,0.105678233,0.187697161,0.069400631,apartment_1165010628
서울시 서초구 양재동 90,신영체르니,37.479213,127.041384,1동,한라건설(주),2002,175,개별난방,도시가스,9층,6층,1,0,0,43.79,78.38,32.08,58.21,서울시 서초구 논현로27길 57,아파트,1,51.47,63.89,7670,500,0,1,466,0.038626609,0.178111588,0.055793991,apartment_1165010203
서울시 서초구 방배동 2233,방배현대홈타운3차,37.491898,126.984013,3동,현대건설(주),2004,123,개별난방,도시가스,15층,10층,1.78,0,1,106.36,152.1,84.98,123.34,서울시 서초구 방배중앙로21길 55,아파트,1,38.46,25,13006,400,0,1,376,0.170212766,0.27393617,0.066489362,apartment_1165010111
서울시 서초구 잠원동 58-22,신반포17차,37.510732,127.014117,3동,한신공영(주),1983,216,지역난방,열병합,12층,12층,1,1,1,87.74,162.37,80.4,145.39,서울시 서초구 나루터로4길 49,재건축,1,50,50,1060,700,1,3,634,0.105678233,0.187697161,0.069400631,apartment_1165010622
서울시 서초구 방배동 774-19,현대멤피스,37.494794,126.988645,5동,현대산업개발(주),2001,206,개별난방,도시가스,21층,14층,2.51,0,0,165.14,231.07,133.31,186.53,서울시 서초구 방배로 239,아파트,1,50,53.85,22214,700,1,2,674,0.151335312,0.161721068,0.06379822,apartment_1165010124
서울시 서초구 서초동 1675-11,서초대우아이빌,37.494245,127.017602,1동,(주)대우건설,2003,215,개별난방,도시가스,15층,12층,0.75,0,0,28.03,86.66,21.05,65.08,서울시 서초구 서초대로58길 10,아파트,1,41.67,37.33,8200,900,0,3,500,0.038,0.146,0.042,apartment_1165010847
서울시 서초구 방배동 759-2,삼호3차,37.497511,126.987115,4동,(주)삼호주택,1976,216,지역난방,열병합,12층,12층,0,0,0,153.9,289.36,129.76,257.12,서울시 서초구 방배로45길 2,아파트,1,66.67,63.33,13880,700,1,1,571,0.171628722,0.19614711,0.054290718,apartment_1165010121
서울시 서초구 잠원동 33-11,잠원월드메르디앙,37.512535,127.016299,1동,월드건설주식회사,2002,107,개별난방,도시가스,15층,6층,1.23,0,1,107.46,146.22,84.78,116.42,서울시 서초구 신반포로45길 71,아파트,1,48,14.29,5105,600,0,2,317,0.113564669,0.192429022,0.075709779,apartment_1165010605
서울시 서초구 잠원동 60-78,신반포20차,37.510426,127.011938,1동,한신공영(주),1983,112,지역난방,열병합,14층,14층,0,0,1,155.6,155.6,143.95,143.95,서울시 서초구 나루터로4길 60,아파트,1,50,40,16725,1100,1,1,302,0.07615894,0.165562914,0.125827815,apartment_1165010630
서울시 서초구 서초동 1436-14,서초아이파크,37.485451,127.023009,3동,현대산업개발(주),2003,115,지역난방,열병합,18층,6층,2.6,0,1,147.83,233.92,127.82,192.63,서울시 서초구 효령로68길 33,아파트,1,42.86,40,15233,500,1,2,418,0.14354067,0.150717703,0.064593301,apartment_1165010824
서울시 서초구 방배동 888-53,방배자이,37.486663,126.998886,3동,엘지건설(주),2003,136,개별난방,도시가스,13층,10층,2.77,0,1,185.43,218.51,164.96,194.92,서울시 서초구 방배로18길 67,아파트,0,64.71,44.44,17100,600,0,8,365,0.043835616,0.161643836,0.101369863,apartment_1165010132
서울시 서초구 반포동 591-1,강남원효성,37.495959,126.996082,16동,가나 건축사사무소,1984,107,개별난방,도시가스,3층,1층,0,0,1,152.76,254.39,146.04,216,서울시 서초구 사평대로20길 76,아파트,0,60,50,18028,500,1,9,506,0.138339921,0.162055336,0.090909091,apartment_1165010722
서울시 서초구 방배동 930-1,방배브라운가,37.48349,126.9918,2동,흥화공업(주),2006,161,개별난방,도시가스,13층,10층,1.35,0,0,105.93,156.43,84.85,124.67,서울시 서초구 방배로19길 67,아파트,0,50,38.46,13203,400,0,7,477,0.115303983,0.182389937,0.075471698,apartment_1165010136
서울시 서초구 방배동 816-1,방배한신트리플,37.491455,126.989142,1동,한신공영(주),2004,163,개별난방,도시가스,12층,7층,1,0,0,35.76,97.04,28.81,78.19,서울시 서초구 방배로33길 29,아파트,1,21.74,15.38,4725,400,0,1,489,0.075664622,0.18404908,0.040899796,apartment_1165010127
서울시 서초구 서초동 1467-62,서초e-편한세상5차,37.479732,127.007187,2동,대림산업(주),2005,161,개별난방,도시가스,15층,10층,2.46,0,1,190.3,190.3,158.24,158.24,서울시 서초구 명달로4길 30,아파트,1,46.15,21.43,21651,900,1,7,460,0.110869565,0.226086957,0.095652174,apartment_1165010832
서울시 서초구 서초동 1498-5,마제스타시티힐스테이트서리풀,37.490268,127.005958,2동,현대엔지니어링(주),2017,116,개별난방,도시가스,22층,10층,1.29,0,1,88.02,88.47,59.95,59.97,서울시 서초구 서초대로38길 12,아파트,1,55.56,88.14,17317,700,1,6,503,0.067594433,0.159045726,0.061630219,apartment_1165010834
서울시 서초구 서초동 1575-1,지웰홈스서초,37.491985,127.013372,1동,신영건설주식회사,2019,154,개별난방,도시가스,19층,18층,0.52,0,1,22.65,33.97,14.1,21.22,서울시 서초구 반포대로28길 94,아파트,1,54.09,60.56,6423,600,1,2,363,0.024793388,0.099173554,0.049586777,apartment_1165010856
서울시 서초구 잠원동 52-2 외 1필지,르엘신반포파크애비뉴,37.517205,127.013767,3동,롯데건설(주),2023,330,지역난방,열병합,35층,14층,0,0,1,66.67,156.72,49.98,118.97,서울시 서초구 잠원동 52-2,아파트분양권,1,40.91,9.09,12293,900,0,4,267,0.172284644,0.127340824,0.026217228,apartment_1165010649
서울시 서초구 반포동 12,신반포15차,37.504054,126.993632,8동,한신공영(주),1982,180,개별난방,열병합,5층,5층,1.05,0,0,146.02,217.74,122.1,181.75,서울시 서초구 신반포로15길 5,재건축,1,50,37.5,6500,500,0,3,20,0.25,0,0,apartment_1165010705
서울시 서초구 잠원동 60-7,녹원한신,37.511972,127.011443,2동,한신공영주식회사,1995,240,지역난방,열병합,15층,15층,1.02,0,0,98.87,99.14,84.75,84.95,서울시 서초구 잠원로4길 34-11,재건축,1,33.33,14.29,9700,1100,1,2,634,0.105678233,0.187697161,0.069400631,apartment_1165010629
서울시 서초구 잠원동 59-10,신반포21차,37.509409,127.014236,2동,한신공영(주),1984,108,지역난방,열병합,10층,8층,1.07,0,0,129.25,145.37,117.07,129.47,서울시 서초구 신반포로 267,재건축,1,77.78,50,18587,700,1,10,634,0.105678233,0.187697161,0.069400631,apartment_1165010624
서울시 서초구 방배동 3275,방배동부센트레빌,37.497662,126.987973,3동,동부건설(주),2004,122,개별난방,도시가스,22층,18층,2.19,0,1,164.49,191.55,134.04,157.55,서울시 서초구 방배로 278,아파트,1,74.29,68.18,21409,700,1,2,373,0.198391421,0.18766756,0.069705094,apartment_1165010114
서울시 서초구 방배동 3277,방배아이파크,37.49164,126.985,2동,현대산업개발(주),2006,138,개별난방,도시가스,15층,9층,1.71,0,1,114.5,199.17,84.32,157.56,서울시 서초구 동광로3길 18,아파트,1,39.29,23.08,10030,400,0,2,439,0.16856492,0.214123007,0.054669704,apartment_1165010115
서울시 서초구 서초동 1633-4,헤센파크힐,37.491174,127.022487,1동,신한종합건설(주),2018,102,개별난방,도시가스,7층,7층,0.84,1,0,32.22,54.58,18.34,32.58,서울시 서초구 사임당로 115,아파트,1,47.06,37.5,1550,700,1,6,438,0.105022831,0.141552511,0.050228311,apartment_1165010842
서울시 서초구 잠원동 74번지 외 1필지,르엘신반포,37.508793,127.002301,3동,롯데건설(주),2022,280,지역난방,열병합,34층,22층,1.88,0,1,73.52,132.36,54.98,100.96,서울시 서초구 잠원동 74-2,아파트분양권,1,47.37,36.36,17266,1100,0,6,404,0.034653465,0.155940594,0.032178218,apartment_1165010650
서울시 서초구 서초동 1597-6,DK밸리뷰서초(주),37.487901,127.013867,1동,(주)소미건설,2022,105,개별난방,도시가스,19층,19층,0.54,0,1,32.13,35.06,26.35,28.75,서울시 서초구 서초동 1597-6,아파트분양권,1,52.94,57.75,267,600,0,3,583,0.017152659,0.137221269,0.053173242,apartment_1165010859
"서울시 서초구 반포동 114-1,4,5번지",더샵반포리버파크(도시형),37.498597,126.992533,1동,(주)포스코건설,2022,140,개별난방,도시가스,7층,7층,1,0,1,70.18,71.74,49.55,49.98,서울시 서초구 사평대로 73,아파트분양권,1,39.13,35.71,16255,600,0,12,520,0.209615385,0.163461538,0.046153846,apartment_1165010723
